timestamp,eID,objectVersion,classID,jsonDate,sensorConfig,sensorMeasures,altHeight,altHeightft,vT,datetime
,ALT_external,1.0,Altitude,30-Dec-2024,{'Serial': 'SPH_heigh_sensor'},"[{'measureLabel': 'altHeight', 'measureDescriptor': 'Height measured by the height sensor', 'measureType': 'number', 'measureUnit': 'm', 'measureUnitEx': 'meter (m)', 'measureLow': -1, 'measureHigh': 100, 'measureResolution': 0.01, 'measureAccuracy': 0.1, 'synchronisation_method': 0}, {'measureLabel': 'altHeight', 'measureDescriptor': 'Height measured by the height sensor', 'measureType': 'number', 'measureUnit': 'ft', 'measureUnitEx': 'feet (ft)', 'measureLow': -1, 'measureHigh': 100, 'measureResolution': 0.01, 'measureAccuracy': 0.1, 'synchronisation_method': 0}]",,,,
1749562270158.0,ALT_external,,,,,,0.77,2.53,1749562270158.0,2025-06-10 13:31:10.158
1749562270359.0,ALT_external,,,,,,0.77,2.53,1749562270359.0,2025-06-10 13:31:10.359
1749562270559.0,ALT_external,,,,,,0.77,2.53,1749562270559.0,2025-06-10 13:31:10.559
1749562270759.0,ALT_external,,,,,,0.78,2.56,1749562270759.0,2025-06-10 13:31:10.759
1749562270959.0,ALT_external,,,,,,0.79,2.59,1749562270959.0,2025-06-10 13:31:10.959
1749562271160.0,ALT_external,,,,,,0.87,2.85,1749562271160.0,2025-06-10 13:31:11.160
1749562271360.0,ALT_external,,,,,,0.87,2.85,1749562271360.0,2025-06-10 13:31:11.360
1749562271560.0,ALT_external,,,,,,0.87,2.85,1749562271560.0,2025-06-10 13:31:11.560
1749562271760.0,ALT_external,,,,,,0.87,2.85,1749562271760.0,2025-06-10 13:31:11.760
1749562271961.0,ALT_external,,,,,,0.86,2.82,1749562271961.0,2025-06-10 13:31:11.961
1749562272161.0,ALT_external,,,,,,0.78,2.56,1749562272161.0,2025-06-10 13:31:12.161
1749562272361.0,ALT_external,,,,,,0.78,2.56,1749562272361.0,2025-06-10 13:31:12.361
1749562272562.0,ALT_external,,,,,,0.78,2.56,1749562272562.0,2025-06-10 13:31:12.562
1749562272762.0,ALT_external,,,,,,0.78,2.56,1749562272762.0,2025-06-10 13:31:12.762
1749562272962.0,ALT_external,,,,,,0.79,2.59,1749562272962.0,2025-06-10 13:31:12.962
1749562273163.0,ALT_external,,,,,,0.78,2.56,1749562273163.0,2025-06-10 13:31:13.163
1749562273363.0,ALT_external,,,,,,0.86,2.82,1749562273363.0,2025-06-10 13:31:13.363
1749562273563.0,ALT_external,,,,,,0.79,2.59,1749562273563.0,2025-06-10 13:31:13.563
1749562273763.0,ALT_external,,,,,,0.78,2.56,1749562273763.0,2025-06-10 13:31:13.763
1749562273964.0,ALT_external,,,,,,0.78,2.56,1749562273964.0,2025-06-10 13:31:13.964
1749562274164.0,ALT_external,,,,,,0.86,2.82,1749562274164.0,2025-06-10 13:31:14.164
1749562274364.0,ALT_external,,,,,,0.87,2.85,1749562274364.0,2025-06-10 13:31:14.364
1749562274565.0,ALT_external,,,,,,0.83,2.72,1749562274565.0,2025-06-10 13:31:14.565
1749562274765.0,ALT_external,,,,,,0.79,2.59,1749562274765.0,2025-06-10 13:31:14.765
1749562274965.0,ALT_external,,,,,,0.78,2.56,1749562274965.0,2025-06-10 13:31:14.965
1749562275165.0,ALT_external,,,,,,0.78,2.56,1749562275165.0,2025-06-10 13:31:15.165
1749562275366.0,ALT_external,,,,,,0.81,2.66,1749562275366.0,2025-06-10 13:31:15.366
1749562275566.0,ALT_external,,,,,,0.87,2.85,1749562275566.0,2025-06-10 13:31:15.566
1749562275766.0,ALT_external,,,,,,0.81,2.66,1749562275766.0,2025-06-10 13:31:15.766
1749562275966.0,ALT_external,,,,,,0.78,2.56,1749562275966.0,2025-06-10 13:31:15.966
1749562276167.0,ALT_external,,,,,,0.78,2.56,1749562276167.0,2025-06-10 13:31:16.167
1749562276367.0,ALT_external,,,,,,0.86,2.82,1749562276367.0,2025-06-10 13:31:16.367
1749562276567.0,ALT_external,,,,,,0.87,2.85,1749562276567.0,2025-06-10 13:31:16.567
1749562276768.0,ALT_external,,,,,,0.87,2.85,1749562276768.0,2025-06-10 13:31:16.768
1749562276968.0,ALT_external,,,,,,0.83,2.72,1749562276968.0,2025-06-10 13:31:16.968
1749562277169.0,ALT_external,,,,,,0.96,3.15,1749562277169.0,2025-06-10 13:31:17.169
1749562277369.0,ALT_external,,,,,,0.87,2.85,1749562277369.0,2025-06-10 13:31:17.369
1749562277569.0,ALT_external,,,,,,0.91,2.99,1749562277569.0,2025-06-10 13:31:17.569
1749562277769.0,ALT_external,,,,,,0.97,3.18,1749562277769.0,2025-06-10 13:31:17.769
1749562277970.0,ALT_external,,,,,,0.97,3.18,1749562277970.0,2025-06-10 13:31:17.970
1749562278170.0,ALT_external,,,,,,0.97,3.18,1749562278170.0,2025-06-10 13:31:18.170
1749562278370.0,ALT_external,,,,,,0.97,3.18,1749562278370.0,2025-06-10 13:31:18.370
1749562278570.0,ALT_external,,,,,,0.97,3.18,1749562278570.0,2025-06-10 13:31:18.570
1749562278771.0,ALT_external,,,,,,0.97,3.18,1749562278771.0,2025-06-10 13:31:18.771
1749562278971.0,ALT_external,,,,,,0.97,3.18,1749562278971.0,2025-06-10 13:31:18.971
1749562279171.0,ALT_external,,,,,,0.96,3.15,1749562279171.0,2025-06-10 13:31:19.171
1749562279372.0,ALT_external,,,,,,1.06,3.48,1749562279372.0,2025-06-10 13:31:19.372
1749562279572.0,ALT_external,,,,,,1.0,3.28,1749562279572.0,2025-06-10 13:31:19.572
1749562279772.0,ALT_external,,,,,,0.97,3.18,1749562279772.0,2025-06-10 13:31:19.772
1749562279973.0,ALT_external,,,,,,0.97,3.18,1749562279973.0,2025-06-10 13:31:19.973
1749562280173.0,ALT_external,,,,,,0.97,3.18,1749562280173.0,2025-06-10 13:31:20.173
1749562280373.0,ALT_external,,,,,,0.93,3.05,1749562280373.0,2025-06-10 13:31:20.373
1749562280573.0,ALT_external,,,,,,0.93,3.05,1749562280573.0,2025-06-10 13:31:20.573
1749562280774.0,ALT_external,,,,,,0.87,2.85,1749562280774.0,2025-06-10 13:31:20.774
1749562280974.0,ALT_external,,,,,,0.82,2.69,1749562280974.0,2025-06-10 13:31:20.974
1749562281175.0,ALT_external,,,,,,0.87,2.85,1749562281175.0,2025-06-10 13:31:21.175
1749562281375.0,ALT_external,,,,,,0.83,2.72,1749562281375.0,2025-06-10 13:31:21.375
1749562281575.0,ALT_external,,,,,,0.78,2.56,1749562281575.0,2025-06-10 13:31:21.575
1749562281775.0,ALT_external,,,,,,0.81,2.66,1749562281775.0,2025-06-10 13:31:21.775
1749562281975.0,ALT_external,,,,,,0.87,2.85,1749562281975.0,2025-06-10 13:31:21.975
1749562282176.0,ALT_external,,,,,,0.87,2.85,1749562282176.0,2025-06-10 13:31:22.176
1749562282376.0,ALT_external,,,,,,0.87,2.85,1749562282376.0,2025-06-10 13:31:22.376
1749562282576.0,ALT_external,,,,,,0.78,2.56,1749562282576.0,2025-06-10 13:31:22.576
1749562282776.0,ALT_external,,,,,,0.78,2.56,1749562282776.0,2025-06-10 13:31:22.776
1749562282977.0,ALT_external,,,,,,0.81,2.66,1749562282977.0,2025-06-10 13:31:22.977
1749562283177.0,ALT_external,,,,,,0.83,2.72,1749562283177.0,2025-06-10 13:31:23.177
1749562283377.0,ALT_external,,,,,,0.87,2.85,1749562283377.0,2025-06-10 13:31:23.377
1749562283578.0,ALT_external,,,,,,0.99,3.25,1749562283578.0,2025-06-10 13:31:23.578
1749562283778.0,ALT_external,,,,,,1.1,3.61,1749562283778.0,2025-06-10 13:31:23.778
1749562283978.0,ALT_external,,,,,,0.97,3.18,1749562283978.0,2025-06-10 13:31:23.978
1749562284178.0,ALT_external,,,,,,0.97,3.18,1749562284178.0,2025-06-10 13:31:24.178
1749562284378.0,ALT_external,,,,,,0.97,3.18,1749562284378.0,2025-06-10 13:31:24.378
1749562284579.0,ALT_external,,,,,,0.97,3.18,1749562284579.0,2025-06-10 13:31:24.579
1749562284779.0,ALT_external,,,,,,1.03,3.38,1749562284779.0,2025-06-10 13:31:24.779
1749562284979.0,ALT_external,,,,,,0.97,3.18,1749562284979.0,2025-06-10 13:31:24.979
1749562285180.0,ALT_external,,,,,,0.9,2.95,1749562285180.0,2025-06-10 13:31:25.180
1749562285380.0,ALT_external,,,,,,0.97,3.18,1749562285380.0,2025-06-10 13:31:25.380
1749562285580.0,ALT_external,,,,,,0.97,3.18,1749562285580.0,2025-06-10 13:31:25.580
1749562285780.0,ALT_external,,,,,,1.01,3.31,1749562285780.0,2025-06-10 13:31:25.780
1749562285980.0,ALT_external,,,,,,1.01,3.31,1749562285980.0,2025-06-10 13:31:25.980
1749562286181.0,ALT_external,,,,,,1.06,3.48,1749562286181.0,2025-06-10 13:31:26.181
1749562286381.0,ALT_external,,,,,,1.06,3.48,1749562286381.0,2025-06-10 13:31:26.381
1749562286581.0,ALT_external,,,,,,0.97,3.18,1749562286581.0,2025-06-10 13:31:26.581
1749562286782.0,ALT_external,,,,,,1.03,3.38,1749562286782.0,2025-06-10 13:31:26.782
1749562286982.0,ALT_external,,,,,,1.06,3.48,1749562286982.0,2025-06-10 13:31:26.982
1749562287182.0,ALT_external,,,,,,1.06,3.48,1749562287182.0,2025-06-10 13:31:27.182
1749562287383.0,ALT_external,,,,,,1.06,3.48,1749562287383.0,2025-06-10 13:31:27.383
1749562287583.0,ALT_external,,,,,,0.97,3.18,1749562287583.0,2025-06-10 13:31:27.583
1749562287783.0,ALT_external,,,,,,1.04,3.41,1749562287783.0,2025-06-10 13:31:27.783
1749562287984.0,ALT_external,,,,,,1.06,3.48,1749562287984.0,2025-06-10 13:31:27.984
1749562288184.0,ALT_external,,,,,,1.0,3.28,1749562288184.0,2025-06-10 13:31:28.184
1749562288384.0,ALT_external,,,,,,0.97,3.18,1749562288384.0,2025-06-10 13:31:28.384
1749562288585.0,ALT_external,,,,,,0.97,3.18,1749562288585.0,2025-06-10 13:31:28.585
1749562288785.0,ALT_external,,,,,,0.97,3.18,1749562288785.0,2025-06-10 13:31:28.785
1749562288985.0,ALT_external,,,,,,1.06,3.48,1749562288985.0,2025-06-10 13:31:28.985
1749562289185.0,ALT_external,,,,,,0.98,3.22,1749562289185.0,2025-06-10 13:31:29.185
1749562289385.0,ALT_external,,,,,,1.06,3.48,1749562289385.0,2025-06-10 13:31:29.385
1749562289586.0,ALT_external,,,,,,0.97,3.18,1749562289586.0,2025-06-10 13:31:29.586
1749562289786.0,ALT_external,,,,,,0.97,3.18,1749562289786.0,2025-06-10 13:31:29.786
1749562289986.0,ALT_external,,,,,,1.06,3.48,1749562289986.0,2025-06-10 13:31:29.986
1749562290187.0,ALT_external,,,,,,0.97,3.18,1749562290187.0,2025-06-10 13:31:30.187
1749562290387.0,ALT_external,,,,,,0.97,3.18,1749562290387.0,2025-06-10 13:31:30.387
1749562290587.0,ALT_external,,,,,,0.97,3.18,1749562290587.0,2025-06-10 13:31:30.587
1749562290787.0,ALT_external,,,,,,0.97,3.18,1749562290787.0,2025-06-10 13:31:30.787
1749562290988.0,ALT_external,,,,,,0.97,3.18,1749562290988.0,2025-06-10 13:31:30.988
1749562291188.0,ALT_external,,,,,,0.97,3.18,1749562291188.0,2025-06-10 13:31:31.188
1749562291389.0,ALT_external,,,,,,0.97,3.18,1749562291389.0,2025-06-10 13:31:31.389
1749562291589.0,ALT_external,,,,,,0.97,3.18,1749562291589.0,2025-06-10 13:31:31.589
1749562291789.0,ALT_external,,,,,,0.97,3.18,1749562291789.0,2025-06-10 13:31:31.789
1749562291990.0,ALT_external,,,,,,0.97,3.18,1749562291990.0,2025-06-10 13:31:31.990
1749562292190.0,ALT_external,,,,,,0.97,3.18,1749562292190.0,2025-06-10 13:31:32.190
1749562292390.0,ALT_external,,,,,,0.97,3.18,1749562292390.0,2025-06-10 13:31:32.390
1749562292591.0,ALT_external,,,,,,0.97,3.18,1749562292591.0,2025-06-10 13:31:32.591
1749562292791.0,ALT_external,,,,,,0.97,3.18,1749562292791.0,2025-06-10 13:31:32.791
1749562292991.0,ALT_external,,,,,,0.97,3.18,1749562292991.0,2025-06-10 13:31:32.991
1749562293192.0,ALT_external,,,,,,0.97,3.18,1749562293192.0,2025-06-10 13:31:33.192
1749562293393.0,ALT_external,,,,,,0.97,3.18,1749562293393.0,2025-06-10 13:31:33.393
1749562293593.0,ALT_external,,,,,,0.97,3.18,1749562293593.0,2025-06-10 13:31:33.593
1749562293793.0,ALT_external,,,,,,0.97,3.18,1749562293793.0,2025-06-10 13:31:33.793
1749562293994.0,ALT_external,,,,,,0.97,3.18,1749562293994.0,2025-06-10 13:31:33.994
1749562294194.0,ALT_external,,,,,,0.97,3.18,1749562294194.0,2025-06-10 13:31:34.194
1749562294394.0,ALT_external,,,,,,0.97,3.18,1749562294394.0,2025-06-10 13:31:34.394
1749562294595.0,ALT_external,,,,,,0.97,3.18,1749562294595.0,2025-06-10 13:31:34.595
1749562294795.0,ALT_external,,,,,,0.97,3.18,1749562294795.0,2025-06-10 13:31:34.795
1749562294995.0,ALT_external,,,,,,0.97,3.18,1749562294995.0,2025-06-10 13:31:34.995
1749562295195.0,ALT_external,,,,,,0.97,3.18,1749562295195.0,2025-06-10 13:31:35.195
1749562295395.0,ALT_external,,,,,,0.97,3.18,1749562295395.0,2025-06-10 13:31:35.395
1749562295596.0,ALT_external,,,,,,0.97,3.18,1749562295596.0,2025-06-10 13:31:35.596
1749562295796.0,ALT_external,,,,,,0.97,3.18,1749562295796.0,2025-06-10 13:31:35.796
1749562295996.0,ALT_external,,,,,,0.97,3.18,1749562295996.0,2025-06-10 13:31:35.996
1749562296196.0,ALT_external,,,,,,0.97,3.18,1749562296196.0,2025-06-10 13:31:36.196
1749562296397.0,ALT_external,,,,,,0.97,3.18,1749562296397.0,2025-06-10 13:31:36.397
1749562296597.0,ALT_external,,,,,,0.97,3.18,1749562296597.0,2025-06-10 13:31:36.597
1749562296797.0,ALT_external,,,,,,0.97,3.18,1749562296797.0,2025-06-10 13:31:36.797
1749562296997.0,ALT_external,,,,,,0.97,3.18,1749562296997.0,2025-06-10 13:31:36.997
1749562297198.0,ALT_external,,,,,,0.97,3.18,1749562297198.0,2025-06-10 13:31:37.198
1749562297398.0,ALT_external,,,,,,0.97,3.18,1749562297398.0,2025-06-10 13:31:37.398
1749562297598.0,ALT_external,,,,,,0.97,3.18,1749562297598.0,2025-06-10 13:31:37.598
1749562297799.0,ALT_external,,,,,,0.97,3.18,1749562297799.0,2025-06-10 13:31:37.799
1749562297999.0,ALT_external,,,,,,0.97,3.18,1749562297999.0,2025-06-10 13:31:37.999
1749562298199.0,ALT_external,,,,,,0.97,3.18,1749562298199.0,2025-06-10 13:31:38.199
1749562298399.0,ALT_external,,,,,,0.97,3.18,1749562298399.0,2025-06-10 13:31:38.399
1749562298600.0,ALT_external,,,,,,0.97,3.18,1749562298600.0,2025-06-10 13:31:38.600
1749562298800.0,ALT_external,,,,,,0.97,3.18,1749562298800.0,2025-06-10 13:31:38.800
1749562299000.0,ALT_external,,,,,,0.97,3.18,1749562299000.0,2025-06-10 13:31:39.000
1749562299200.0,ALT_external,,,,,,0.97,3.18,1749562299200.0,2025-06-10 13:31:39.200
1749562299401.0,ALT_external,,,,,,0.97,3.18,1749562299401.0,2025-06-10 13:31:39.401
1749562299601.0,ALT_external,,,,,,0.97,3.18,1749562299601.0,2025-06-10 13:31:39.601
1749562299801.0,ALT_external,,,,,,0.97,3.18,1749562299801.0,2025-06-10 13:31:39.801
1749562300001.0,ALT_external,,,,,,0.97,3.18,1749562300001.0,2025-06-10 13:31:40.001
1749562300202.0,ALT_external,,,,,,0.97,3.18,1749562300202.0,2025-06-10 13:31:40.202
1749562300402.0,ALT_external,,,,,,0.97,3.18,1749562300402.0,2025-06-10 13:31:40.402
1749562300603.0,ALT_external,,,,,,0.97,3.18,1749562300603.0,2025-06-10 13:31:40.603
1749562300803.0,ALT_external,,,,,,0.97,3.18,1749562300803.0,2025-06-10 13:31:40.803
1749562301003.0,ALT_external,,,,,,0.97,3.18,1749562301003.0,2025-06-10 13:31:41.003
1749562301204.0,ALT_external,,,,,,0.97,3.18,1749562301204.0,2025-06-10 13:31:41.204
1749562301404.0,ALT_external,,,,,,0.97,3.18,1749562301404.0,2025-06-10 13:31:41.404
1749562301604.0,ALT_external,,,,,,0.97,3.18,1749562301604.0,2025-06-10 13:31:41.604
1749562301804.0,ALT_external,,,,,,0.97,3.18,1749562301804.0,2025-06-10 13:31:41.804
1749562302005.0,ALT_external,,,,,,0.97,3.18,1749562302005.0,2025-06-10 13:31:42.005
1749562302205.0,ALT_external,,,,,,0.97,3.18,1749562302205.0,2025-06-10 13:31:42.205
1749562302405.0,ALT_external,,,,,,0.97,3.18,1749562302405.0,2025-06-10 13:31:42.405
1749562302605.0,ALT_external,,,,,,0.97,3.18,1749562302605.0,2025-06-10 13:31:42.605
1749562302806.0,ALT_external,,,,,,0.97,3.18,1749562302806.0,2025-06-10 13:31:42.806
1749562303006.0,ALT_external,,,,,,0.97,3.18,1749562303006.0,2025-06-10 13:31:43.006
1749562303206.0,ALT_external,,,,,,0.97,3.18,1749562303206.0,2025-06-10 13:31:43.206
1749562303407.0,ALT_external,,,,,,0.97,3.18,1749562303407.0,2025-06-10 13:31:43.407
1749562303607.0,ALT_external,,,,,,0.97,3.18,1749562303607.0,2025-06-10 13:31:43.607
1749562303807.0,ALT_external,,,,,,0.97,3.18,1749562303807.0,2025-06-10 13:31:43.807
1749562304007.0,ALT_external,,,,,,0.97,3.18,1749562304007.0,2025-06-10 13:31:44.007
1749562304208.0,ALT_external,,,,,,0.97,3.18,1749562304208.0,2025-06-10 13:31:44.208
1749562304408.0,ALT_external,,,,,,0.97,3.18,1749562304408.0,2025-06-10 13:31:44.408
1749562304609.0,ALT_external,,,,,,0.97,3.18,1749562304609.0,2025-06-10 13:31:44.609
1749562304809.0,ALT_external,,,,,,0.97,3.18,1749562304809.0,2025-06-10 13:31:44.809
1749562305009.0,ALT_external,,,,,,0.97,3.18,1749562305009.0,2025-06-10 13:31:45.009
1749562305213.0,ALT_external,,,,,,0.97,3.18,1749562305213.0,2025-06-10 13:31:45.213
1749562305412.0,ALT_external,,,,,,0.97,3.18,1749562305412.0,2025-06-10 13:31:45.412
1749562305611.0,ALT_external,,,,,,0.97,3.18,1749562305611.0,2025-06-10 13:31:45.611
1749562305811.0,ALT_external,,,,,,0.97,3.18,1749562305811.0,2025-06-10 13:31:45.811
1749562306011.0,ALT_external,,,,,,0.97,3.18,1749562306011.0,2025-06-10 13:31:46.011
1749562306215.0,ALT_external,,,,,,0.97,3.18,1749562306215.0,2025-06-10 13:31:46.215
1749562306412.0,ALT_external,,,,,,0.97,3.18,1749562306412.0,2025-06-10 13:31:46.412
1749562306613.0,ALT_external,,,,,,0.97,3.18,1749562306613.0,2025-06-10 13:31:46.613
1749562306813.0,ALT_external,,,,,,0.97,3.18,1749562306813.0,2025-06-10 13:31:46.813
1749562307013.0,ALT_external,,,,,,0.97,3.18,1749562307013.0,2025-06-10 13:31:47.013
1749562307217.0,ALT_external,,,,,,0.97,3.18,1749562307217.0,2025-06-10 13:31:47.217
1749562307414.0,ALT_external,,,,,,0.97,3.18,1749562307414.0,2025-06-10 13:31:47.414
1749562307614.0,ALT_external,,,,,,0.97,3.18,1749562307614.0,2025-06-10 13:31:47.614
1749562307814.0,ALT_external,,,,,,0.97,3.18,1749562307814.0,2025-06-10 13:31:47.814
1749562308014.0,ALT_external,,,,,,0.97,3.18,1749562308014.0,2025-06-10 13:31:48.014
1749562308218.0,ALT_external,,,,,,0.97,3.18,1749562308218.0,2025-06-10 13:31:48.218
1749562308415.0,ALT_external,,,,,,0.97,3.18,1749562308415.0,2025-06-10 13:31:48.415
1749562308615.0,ALT_external,,,,,,0.97,3.18,1749562308615.0,2025-06-10 13:31:48.615
1749562308815.0,ALT_external,,,,,,0.97,3.18,1749562308815.0,2025-06-10 13:31:48.815
1749562309016.0,ALT_external,,,,,,0.97,3.18,1749562309016.0,2025-06-10 13:31:49.016
1749562309219.0,ALT_external,,,,,,0.97,3.18,1749562309219.0,2025-06-10 13:31:49.219
1749562309416.0,ALT_external,,,,,,0.97,3.18,1749562309416.0,2025-06-10 13:31:49.416
1749562309616.0,ALT_external,,,,,,0.97,3.18,1749562309616.0,2025-06-10 13:31:49.616
1749562309816.0,ALT_external,,,,,,0.97,3.18,1749562309816.0,2025-06-10 13:31:49.816
1749562310017.0,ALT_external,,,,,,0.97,3.18,1749562310017.0,2025-06-10 13:31:50.017
1749562310221.0,ALT_external,,,,,,0.97,3.18,1749562310221.0,2025-06-10 13:31:50.221
1749562310417.0,ALT_external,,,,,,0.97,3.18,1749562310417.0,2025-06-10 13:31:50.417
1749562310617.0,ALT_external,,,,,,0.97,3.18,1749562310617.0,2025-06-10 13:31:50.617
1749562310818.0,ALT_external,,,,,,0.97,3.18,1749562310818.0,2025-06-10 13:31:50.818
1749562311018.0,ALT_external,,,,,,0.97,3.18,1749562311018.0,2025-06-10 13:31:51.018
1749562311221.0,ALT_external,,,,,,0.97,3.18,1749562311221.0,2025-06-10 13:31:51.221
1749562311419.0,ALT_external,,,,,,0.97,3.18,1749562311419.0,2025-06-10 13:31:51.419
1749562311619.0,ALT_external,,,,,,0.97,3.18,1749562311619.0,2025-06-10 13:31:51.619
1749562311819.0,ALT_external,,,,,,0.97,3.18,1749562311819.0,2025-06-10 13:31:51.819
1749562312020.0,ALT_external,,,,,,0.97,3.18,1749562312020.0,2025-06-10 13:31:52.020
1749562312223.0,ALT_external,,,,,,0.97,3.18,1749562312223.0,2025-06-10 13:31:52.223
1749562312420.0,ALT_external,,,,,,0.97,3.18,1749562312420.0,2025-06-10 13:31:52.420
1749562312621.0,ALT_external,,,,,,0.97,3.18,1749562312621.0,2025-06-10 13:31:52.621
1749562312820.0,ALT_external,,,,,,0.97,3.18,1749562312820.0,2025-06-10 13:31:52.820
1749562313020.0,ALT_external,,,,,,0.97,3.18,1749562313020.0,2025-06-10 13:31:53.020
1749562313224.0,ALT_external,,,,,,0.97,3.18,1749562313224.0,2025-06-10 13:31:53.224
1749562313421.0,ALT_external,,,,,,0.97,3.18,1749562313421.0,2025-06-10 13:31:53.421
1749562313621.0,ALT_external,,,,,,0.97,3.18,1749562313621.0,2025-06-10 13:31:53.621
1749562313821.0,ALT_external,,,,,,0.97,3.18,1749562313821.0,2025-06-10 13:31:53.821
1749562314021.0,ALT_external,,,,,,0.97,3.18,1749562314021.0,2025-06-10 13:31:54.021
1749562314225.0,ALT_external,,,,,,0.97,3.18,1749562314225.0,2025-06-10 13:31:54.225
1749562314423.0,ALT_external,,,,,,0.97,3.18,1749562314423.0,2025-06-10 13:31:54.423
1749562314623.0,ALT_external,,,,,,0.97,3.18,1749562314623.0,2025-06-10 13:31:54.623
1749562314823.0,ALT_external,,,,,,0.97,3.18,1749562314823.0,2025-06-10 13:31:54.823
1749562315024.0,ALT_external,,,,,,0.97,3.18,1749562315024.0,2025-06-10 13:31:55.024
1749562315227.0,ALT_external,,,,,,0.97,3.18,1749562315227.0,2025-06-10 13:31:55.227
1749562315424.0,ALT_external,,,,,,0.97,3.18,1749562315424.0,2025-06-10 13:31:55.424
1749562315624.0,ALT_external,,,,,,0.97,3.18,1749562315624.0,2025-06-10 13:31:55.624
1749562315824.0,ALT_external,,,,,,0.97,3.18,1749562315824.0,2025-06-10 13:31:55.824
1749562316026.0,ALT_external,,,,,,0.97,3.18,1749562316026.0,2025-06-10 13:31:56.026
1749562316230.0,ALT_external,,,,,,0.97,3.18,1749562316230.0,2025-06-10 13:31:56.230
1749562316426.0,ALT_external,,,,,,0.97,3.18,1749562316426.0,2025-06-10 13:31:56.426
1749562316627.0,ALT_external,,,,,,0.97,3.18,1749562316627.0,2025-06-10 13:31:56.627
1749562316827.0,ALT_external,,,,,,0.97,3.18,1749562316827.0,2025-06-10 13:31:56.827
1749562317027.0,ALT_external,,,,,,0.97,3.18,1749562317027.0,2025-06-10 13:31:57.027
1749562317231.0,ALT_external,,,,,,0.97,3.18,1749562317231.0,2025-06-10 13:31:57.231
1749562317428.0,ALT_external,,,,,,0.97,3.18,1749562317428.0,2025-06-10 13:31:57.428
1749562317628.0,ALT_external,,,,,,0.97,3.18,1749562317628.0,2025-06-10 13:31:57.628
1749562317829.0,ALT_external,,,,,,0.97,3.18,1749562317829.0,2025-06-10 13:31:57.829
1749562318029.0,ALT_external,,,,,,0.97,3.18,1749562318029.0,2025-06-10 13:31:58.029
1749562318232.0,ALT_external,,,,,,0.97,3.18,1749562318232.0,2025-06-10 13:31:58.232
1749562318430.0,ALT_external,,,,,,0.97,3.18,1749562318430.0,2025-06-10 13:31:58.430
1749562318631.0,ALT_external,,,,,,0.97,3.18,1749562318631.0,2025-06-10 13:31:58.631
1749562318831.0,ALT_external,,,,,,0.97,3.18,1749562318831.0,2025-06-10 13:31:58.831
1749562319031.0,ALT_external,,,,,,0.97,3.18,1749562319031.0,2025-06-10 13:31:59.031
1749562319232.0,ALT_external,,,,,,0.97,3.18,1749562319232.0,2025-06-10 13:31:59.232
1749562319431.0,ALT_external,,,,,,0.97,3.18,1749562319431.0,2025-06-10 13:31:59.431
1749562319632.0,ALT_external,,,,,,0.97,3.18,1749562319632.0,2025-06-10 13:31:59.632
1749562319833.0,ALT_external,,,,,,0.97,3.18,1749562319833.0,2025-06-10 13:31:59.833
1749562320032.0,ALT_external,,,,,,0.97,3.18,1749562320032.0,2025-06-10 13:32:00.032
1749562320233.0,ALT_external,,,,,,0.97,3.18,1749562320233.0,2025-06-10 13:32:00.233
1749562320434.0,ALT_external,,,,,,0.97,3.18,1749562320434.0,2025-06-10 13:32:00.434
1749562320634.0,ALT_external,,,,,,0.97,3.18,1749562320634.0,2025-06-10 13:32:00.634
1749562320834.0,ALT_external,,,,,,0.97,3.18,1749562320834.0,2025-06-10 13:32:00.834
1749562321034.0,ALT_external,,,,,,0.97,3.18,1749562321034.0,2025-06-10 13:32:01.034
1749562321234.0,ALT_external,,,,,,0.97,3.18,1749562321234.0,2025-06-10 13:32:01.234
1749562321435.0,ALT_external,,,,,,0.97,3.18,1749562321435.0,2025-06-10 13:32:01.435
1749562321635.0,ALT_external,,,,,,0.97,3.18,1749562321635.0,2025-06-10 13:32:01.635
1749562321835.0,ALT_external,,,,,,0.97,3.18,1749562321835.0,2025-06-10 13:32:01.835
1749562322035.0,ALT_external,,,,,,0.97,3.18,1749562322035.0,2025-06-10 13:32:02.035
1749562322236.0,ALT_external,,,,,,0.97,3.18,1749562322236.0,2025-06-10 13:32:02.236
1749562322436.0,ALT_external,,,,,,0.97,3.18,1749562322436.0,2025-06-10 13:32:02.436
1749562322637.0,ALT_external,,,,,,0.97,3.18,1749562322637.0,2025-06-10 13:32:02.637
1749562322837.0,ALT_external,,,,,,0.97,3.18,1749562322837.0,2025-06-10 13:32:02.837
1749562323037.0,ALT_external,,,,,,0.97,3.18,1749562323037.0,2025-06-10 13:32:03.037
1749562323237.0,ALT_external,,,,,,0.97,3.18,1749562323237.0,2025-06-10 13:32:03.237
1749562323437.0,ALT_external,,,,,,0.97,3.18,1749562323437.0,2025-06-10 13:32:03.437
1749562323637.0,ALT_external,,,,,,0.97,3.18,1749562323637.0,2025-06-10 13:32:03.637
1749562323838.0,ALT_external,,,,,,0.97,3.18,1749562323838.0,2025-06-10 13:32:03.838
1749562324038.0,ALT_external,,,,,,0.97,3.18,1749562324038.0,2025-06-10 13:32:04.038
1749562324238.0,ALT_external,,,,,,0.97,3.18,1749562324238.0,2025-06-10 13:32:04.238
1749562324438.0,ALT_external,,,,,,0.97,3.18,1749562324438.0,2025-06-10 13:32:04.438
1749562324639.0,ALT_external,,,,,,0.97,3.18,1749562324639.0,2025-06-10 13:32:04.639
1749562324839.0,ALT_external,,,,,,0.97,3.18,1749562324839.0,2025-06-10 13:32:04.839
1749562325039.0,ALT_external,,,,,,0.97,3.18,1749562325039.0,2025-06-10 13:32:05.039
1749562325240.0,ALT_external,,,,,,0.97,3.18,1749562325240.0,2025-06-10 13:32:05.240
1749562325440.0,ALT_external,,,,,,0.97,3.18,1749562325440.0,2025-06-10 13:32:05.440
1749562325640.0,ALT_external,,,,,,0.97,3.18,1749562325640.0,2025-06-10 13:32:05.640
1749562325840.0,ALT_external,,,,,,0.97,3.18,1749562325840.0,2025-06-10 13:32:05.840
1749562326040.0,ALT_external,,,,,,0.97,3.18,1749562326040.0,2025-06-10 13:32:06.040
1749562326240.0,ALT_external,,,,,,0.97,3.18,1749562326240.0,2025-06-10 13:32:06.240
1749562326441.0,ALT_external,,,,,,0.97,3.18,1749562326441.0,2025-06-10 13:32:06.441
1749562326641.0,ALT_external,,,,,,0.97,3.18,1749562326641.0,2025-06-10 13:32:06.641
1749562326841.0,ALT_external,,,,,,0.97,3.18,1749562326841.0,2025-06-10 13:32:06.841
1749562327042.0,ALT_external,,,,,,0.97,3.18,1749562327042.0,2025-06-10 13:32:07.042
1749562327242.0,ALT_external,,,,,,0.97,3.18,1749562327242.0,2025-06-10 13:32:07.242
1749562327442.0,ALT_external,,,,,,0.97,3.18,1749562327442.0,2025-06-10 13:32:07.442
1749562327643.0,ALT_external,,,,,,0.97,3.18,1749562327643.0,2025-06-10 13:32:07.643
1749562327843.0,ALT_external,,,,,,0.97,3.18,1749562327843.0,2025-06-10 13:32:07.843
1749562328043.0,ALT_external,,,,,,0.97,3.18,1749562328043.0,2025-06-10 13:32:08.043
1749562328244.0,ALT_external,,,,,,0.97,3.18,1749562328244.0,2025-06-10 13:32:08.244
1749562328444.0,ALT_external,,,,,,0.97,3.18,1749562328444.0,2025-06-10 13:32:08.444
1749562328644.0,ALT_external,,,,,,0.97,3.18,1749562328644.0,2025-06-10 13:32:08.644
1749562328845.0,ALT_external,,,,,,0.97,3.18,1749562328845.0,2025-06-10 13:32:08.845
1749562329045.0,ALT_external,,,,,,0.97,3.18,1749562329045.0,2025-06-10 13:32:09.045
1749562329245.0,ALT_external,,,,,,0.97,3.18,1749562329245.0,2025-06-10 13:32:09.245
1749562329445.0,ALT_external,,,,,,0.97,3.18,1749562329445.0,2025-06-10 13:32:09.445
1749562329646.0,ALT_external,,,,,,0.97,3.18,1749562329646.0,2025-06-10 13:32:09.646
1749562329846.0,ALT_external,,,,,,0.97,3.18,1749562329846.0,2025-06-10 13:32:09.846
1749562330046.0,ALT_external,,,,,,0.97,3.18,1749562330046.0,2025-06-10 13:32:10.046
1749562330246.0,ALT_external,,,,,,0.97,3.18,1749562330246.0,2025-06-10 13:32:10.246
1749562330447.0,ALT_external,,,,,,0.97,3.18,1749562330447.0,2025-06-10 13:32:10.447
1749562330647.0,ALT_external,,,,,,0.97,3.18,1749562330647.0,2025-06-10 13:32:10.647
1749562330847.0,ALT_external,,,,,,0.97,3.18,1749562330847.0,2025-06-10 13:32:10.847
1749562331048.0,ALT_external,,,,,,0.97,3.18,1749562331048.0,2025-06-10 13:32:11.048
1749562331250.0,ALT_external,,,,,,0.97,3.18,1749562331250.0,2025-06-10 13:32:11.250
1749562331449.0,ALT_external,,,,,,0.97,3.18,1749562331449.0,2025-06-10 13:32:11.449
1749562331649.0,ALT_external,,,,,,0.97,3.18,1749562331649.0,2025-06-10 13:32:11.649
1749562331850.0,ALT_external,,,,,,0.97,3.18,1749562331850.0,2025-06-10 13:32:11.850
1749562332050.0,ALT_external,,,,,,0.97,3.18,1749562332050.0,2025-06-10 13:32:12.050
1749562332250.0,ALT_external,,,,,,0.97,3.18,1749562332250.0,2025-06-10 13:32:12.250
1749562332451.0,ALT_external,,,,,,0.97,3.18,1749562332451.0,2025-06-10 13:32:12.451
1749562332651.0,ALT_external,,,,,,0.97,3.18,1749562332651.0,2025-06-10 13:32:12.651
1749562332851.0,ALT_external,,,,,,0.97,3.18,1749562332851.0,2025-06-10 13:32:12.851
1749562333052.0,ALT_external,,,,,,0.97,3.18,1749562333052.0,2025-06-10 13:32:13.052
1749562333251.0,ALT_external,,,,,,0.97,3.18,1749562333251.0,2025-06-10 13:32:13.251
1749562333452.0,ALT_external,,,,,,0.97,3.18,1749562333452.0,2025-06-10 13:32:13.452
1749562333653.0,ALT_external,,,,,,0.97,3.18,1749562333653.0,2025-06-10 13:32:13.653
1749562333853.0,ALT_external,,,,,,0.97,3.18,1749562333853.0,2025-06-10 13:32:13.853
1749562334053.0,ALT_external,,,,,,0.97,3.18,1749562334053.0,2025-06-10 13:32:14.053
1749562334255.0,ALT_external,,,,,,0.97,3.18,1749562334255.0,2025-06-10 13:32:14.255
1749562334454.0,ALT_external,,,,,,0.97,3.18,1749562334454.0,2025-06-10 13:32:14.454
1749562334654.0,ALT_external,,,,,,0.97,3.18,1749562334654.0,2025-06-10 13:32:14.654
1749562334854.0,ALT_external,,,,,,0.97,3.18,1749562334854.0,2025-06-10 13:32:14.854
1749562335055.0,ALT_external,,,,,,0.97,3.18,1749562335055.0,2025-06-10 13:32:15.055
1749562335255.0,ALT_external,,,,,,0.97,3.18,1749562335255.0,2025-06-10 13:32:15.255
1749562335455.0,ALT_external,,,,,,0.97,3.18,1749562335455.0,2025-06-10 13:32:15.455
1749562335655.0,ALT_external,,,,,,0.97,3.18,1749562335655.0,2025-06-10 13:32:15.655
1749562335856.0,ALT_external,,,,,,0.97,3.18,1749562335856.0,2025-06-10 13:32:15.856
1749562336056.0,ALT_external,,,,,,0.97,3.18,1749562336056.0,2025-06-10 13:32:16.056
1749562336256.0,ALT_external,,,,,,0.97,3.18,1749562336256.0,2025-06-10 13:32:16.256
1749562336456.0,ALT_external,,,,,,0.97,3.18,1749562336456.0,2025-06-10 13:32:16.456
1749562336657.0,ALT_external,,,,,,0.97,3.18,1749562336657.0,2025-06-10 13:32:16.657
1749562336857.0,ALT_external,,,,,,0.97,3.18,1749562336857.0,2025-06-10 13:32:16.857
1749562337057.0,ALT_external,,,,,,0.97,3.18,1749562337057.0,2025-06-10 13:32:17.057
1749562337257.0,ALT_external,,,,,,0.97,3.18,1749562337257.0,2025-06-10 13:32:17.257
1749562337458.0,ALT_external,,,,,,0.97,3.18,1749562337458.0,2025-06-10 13:32:17.458
1749562337658.0,ALT_external,,,,,,0.97,3.18,1749562337658.0,2025-06-10 13:32:17.658
1749562337858.0,ALT_external,,,,,,0.97,3.18,1749562337858.0,2025-06-10 13:32:17.858
1749562338058.0,ALT_external,,,,,,0.97,3.18,1749562338058.0,2025-06-10 13:32:18.058
1749562338259.0,ALT_external,,,,,,0.97,3.18,1749562338259.0,2025-06-10 13:32:18.259
1749562338459.0,ALT_external,,,,,,0.97,3.18,1749562338459.0,2025-06-10 13:32:18.459
1749562338659.0,ALT_external,,,,,,0.97,3.18,1749562338659.0,2025-06-10 13:32:18.659
1749562338859.0,ALT_external,,,,,,0.97,3.18,1749562338859.0,2025-06-10 13:32:18.859
1749562339060.0,ALT_external,,,,,,0.97,3.18,1749562339060.0,2025-06-10 13:32:19.060
1749562339260.0,ALT_external,,,,,,0.97,3.18,1749562339260.0,2025-06-10 13:32:19.260
1749562339460.0,ALT_external,,,,,,0.97,3.18,1749562339460.0,2025-06-10 13:32:19.460
1749562339661.0,ALT_external,,,,,,0.97,3.18,1749562339661.0,2025-06-10 13:32:19.661
1749562339861.0,ALT_external,,,,,,0.97,3.18,1749562339861.0,2025-06-10 13:32:19.861
1749562340061.0,ALT_external,,,,,,0.97,3.18,1749562340061.0,2025-06-10 13:32:20.061
1749562340261.0,ALT_external,,,,,,0.97,3.18,1749562340261.0,2025-06-10 13:32:20.261
1749562340461.0,ALT_external,,,,,,0.97,3.18,1749562340461.0,2025-06-10 13:32:20.461
1749562340662.0,ALT_external,,,,,,0.97,3.18,1749562340662.0,2025-06-10 13:32:20.662
1749562340862.0,ALT_external,,,,,,0.97,3.18,1749562340862.0,2025-06-10 13:32:20.862
1749562341062.0,ALT_external,,,,,,0.97,3.18,1749562341062.0,2025-06-10 13:32:21.062
1749562341263.0,ALT_external,,,,,,0.97,3.18,1749562341263.0,2025-06-10 13:32:21.263
1749562341464.0,ALT_external,,,,,,0.97,3.18,1749562341464.0,2025-06-10 13:32:21.464
1749562341664.0,ALT_external,,,,,,0.97,3.18,1749562341664.0,2025-06-10 13:32:21.664
1749562341864.0,ALT_external,,,,,,0.97,3.18,1749562341864.0,2025-06-10 13:32:21.864
1749562342065.0,ALT_external,,,,,,0.97,3.18,1749562342065.0,2025-06-10 13:32:22.065
1749562342265.0,ALT_external,,,,,,0.97,3.18,1749562342265.0,2025-06-10 13:32:22.265
1749562342465.0,ALT_external,,,,,,0.97,3.18,1749562342465.0,2025-06-10 13:32:22.465
1749562342665.0,ALT_external,,,,,,0.97,3.18,1749562342665.0,2025-06-10 13:32:22.665
1749562342865.0,ALT_external,,,,,,0.97,3.18,1749562342865.0,2025-06-10 13:32:22.865
1749562343065.0,ALT_external,,,,,,0.97,3.18,1749562343065.0,2025-06-10 13:32:23.065
1749562343266.0,ALT_external,,,,,,0.97,3.18,1749562343266.0,2025-06-10 13:32:23.266
1749562343466.0,ALT_external,,,,,,0.97,3.18,1749562343466.0,2025-06-10 13:32:23.466
1749562343666.0,ALT_external,,,,,,0.97,3.18,1749562343666.0,2025-06-10 13:32:23.666
1749562343867.0,ALT_external,,,,,,0.97,3.18,1749562343867.0,2025-06-10 13:32:23.867
1749562344067.0,ALT_external,,,,,,0.97,3.18,1749562344067.0,2025-06-10 13:32:24.067
1749562344267.0,ALT_external,,,,,,0.97,3.18,1749562344267.0,2025-06-10 13:32:24.267
1749562344467.0,ALT_external,,,,,,0.97,3.18,1749562344467.0,2025-06-10 13:32:24.467
1749562344668.0,ALT_external,,,,,,0.97,3.18,1749562344668.0,2025-06-10 13:32:24.668
1749562344868.0,ALT_external,,,,,,0.97,3.18,1749562344868.0,2025-06-10 13:32:24.868
1749562345069.0,ALT_external,,,,,,0.97,3.18,1749562345069.0,2025-06-10 13:32:25.069
1749562345269.0,ALT_external,,,,,,0.97,3.18,1749562345269.0,2025-06-10 13:32:25.269
1749562345469.0,ALT_external,,,,,,0.97,3.18,1749562345469.0,2025-06-10 13:32:25.469
1749562345669.0,ALT_external,,,,,,0.97,3.18,1749562345669.0,2025-06-10 13:32:25.669
1749562345870.0,ALT_external,,,,,,0.97,3.18,1749562345870.0,2025-06-10 13:32:25.870
1749562346070.0,ALT_external,,,,,,0.97,3.18,1749562346070.0,2025-06-10 13:32:26.070
1749562346270.0,ALT_external,,,,,,0.97,3.18,1749562346270.0,2025-06-10 13:32:26.270
1749562346470.0,ALT_external,,,,,,0.97,3.18,1749562346470.0,2025-06-10 13:32:26.470
1749562346671.0,ALT_external,,,,,,0.97,3.18,1749562346671.0,2025-06-10 13:32:26.671
1749562346871.0,ALT_external,,,,,,0.97,3.18,1749562346871.0,2025-06-10 13:32:26.871
1749562347071.0,ALT_external,,,,,,0.97,3.18,1749562347071.0,2025-06-10 13:32:27.071
1749562347271.0,ALT_external,,,,,,0.97,3.18,1749562347271.0,2025-06-10 13:32:27.271
1749562347472.0,ALT_external,,,,,,0.97,3.18,1749562347472.0,2025-06-10 13:32:27.472
1749562347672.0,ALT_external,,,,,,0.97,3.18,1749562347672.0,2025-06-10 13:32:27.672
1749562347872.0,ALT_external,,,,,,0.97,3.18,1749562347872.0,2025-06-10 13:32:27.872
1749562348073.0,ALT_external,,,,,,0.97,3.18,1749562348073.0,2025-06-10 13:32:28.073
1749562348273.0,ALT_external,,,,,,0.97,3.18,1749562348273.0,2025-06-10 13:32:28.273
1749562348474.0,ALT_external,,,,,,0.97,3.18,1749562348474.0,2025-06-10 13:32:28.474
1749562348675.0,ALT_external,,,,,,0.97,3.18,1749562348675.0,2025-06-10 13:32:28.675
1749562348874.0,ALT_external,,,,,,0.97,3.18,1749562348874.0,2025-06-10 13:32:28.874
1749562349075.0,ALT_external,,,,,,0.97,3.18,1749562349075.0,2025-06-10 13:32:29.075
1749562349275.0,ALT_external,,,,,,0.97,3.18,1749562349275.0,2025-06-10 13:32:29.275
1749562349475.0,ALT_external,,,,,,0.97,3.18,1749562349475.0,2025-06-10 13:32:29.475
1749562349675.0,ALT_external,,,,,,0.97,3.18,1749562349675.0,2025-06-10 13:32:29.675
1749562349876.0,ALT_external,,,,,,0.97,3.18,1749562349876.0,2025-06-10 13:32:29.876
1749562350076.0,ALT_external,,,,,,0.97,3.18,1749562350076.0,2025-06-10 13:32:30.076
1749562350276.0,ALT_external,,,,,,0.97,3.18,1749562350276.0,2025-06-10 13:32:30.276
1749562350476.0,ALT_external,,,,,,0.97,3.18,1749562350476.0,2025-06-10 13:32:30.476
1749562350676.0,ALT_external,,,,,,0.97,3.18,1749562350676.0,2025-06-10 13:32:30.676
1749562350877.0,ALT_external,,,,,,0.97,3.18,1749562350877.0,2025-06-10 13:32:30.877
1749562351077.0,ALT_external,,,,,,0.97,3.18,1749562351077.0,2025-06-10 13:32:31.077
1749562351277.0,ALT_external,,,,,,0.97,3.18,1749562351277.0,2025-06-10 13:32:31.277
1749562351477.0,ALT_external,,,,,,0.97,3.18,1749562351477.0,2025-06-10 13:32:31.477
1749562351678.0,ALT_external,,,,,,0.97,3.18,1749562351678.0,2025-06-10 13:32:31.678
1749562351878.0,ALT_external,,,,,,0.97,3.18,1749562351878.0,2025-06-10 13:32:31.878
1749562352078.0,ALT_external,,,,,,0.97,3.18,1749562352078.0,2025-06-10 13:32:32.078
1749562352278.0,ALT_external,,,,,,0.97,3.18,1749562352278.0,2025-06-10 13:32:32.278
1749562352479.0,ALT_external,,,,,,0.97,3.18,1749562352479.0,2025-06-10 13:32:32.479
1749562352679.0,ALT_external,,,,,,0.97,3.18,1749562352679.0,2025-06-10 13:32:32.679
1749562352879.0,ALT_external,,,,,,0.97,3.18,1749562352879.0,2025-06-10 13:32:32.879
1749562353079.0,ALT_external,,,,,,0.97,3.18,1749562353079.0,2025-06-10 13:32:33.079
1749562353280.0,ALT_external,,,,,,0.97,3.18,1749562353280.0,2025-06-10 13:32:33.280
1749562353481.0,ALT_external,,,,,,0.97,3.18,1749562353481.0,2025-06-10 13:32:33.481
1749562353680.0,ALT_external,,,,,,0.97,3.18,1749562353680.0,2025-06-10 13:32:33.680
1749562353881.0,ALT_external,,,,,,0.97,3.18,1749562353881.0,2025-06-10 13:32:33.881
1749562354081.0,ALT_external,,,,,,0.97,3.18,1749562354081.0,2025-06-10 13:32:34.081
1749562354281.0,ALT_external,,,,,,0.97,3.18,1749562354281.0,2025-06-10 13:32:34.281
1749562354481.0,ALT_external,,,,,,0.97,3.18,1749562354481.0,2025-06-10 13:32:34.481
1749562354682.0,ALT_external,,,,,,0.97,3.18,1749562354682.0,2025-06-10 13:32:34.682
1749562354882.0,ALT_external,,,,,,0.97,3.18,1749562354882.0,2025-06-10 13:32:34.882
1749562355082.0,ALT_external,,,,,,0.97,3.18,1749562355082.0,2025-06-10 13:32:35.082
1749562355283.0,ALT_external,,,,,,0.97,3.18,1749562355283.0,2025-06-10 13:32:35.283
1749562355483.0,ALT_external,,,,,,0.97,3.18,1749562355483.0,2025-06-10 13:32:35.483
1749562355683.0,ALT_external,,,,,,0.97,3.18,1749562355683.0,2025-06-10 13:32:35.683
1749562355883.0,ALT_external,,,,,,0.97,3.18,1749562355883.0,2025-06-10 13:32:35.883
1749562356084.0,ALT_external,,,,,,0.97,3.18,1749562356084.0,2025-06-10 13:32:36.084
1749562356284.0,ALT_external,,,,,,0.97,3.18,1749562356284.0,2025-06-10 13:32:36.284
1749562356484.0,ALT_external,,,,,,0.97,3.18,1749562356484.0,2025-06-10 13:32:36.484
1749562356684.0,ALT_external,,,,,,0.97,3.18,1749562356684.0,2025-06-10 13:32:36.684
1749562356885.0,ALT_external,,,,,,0.97,3.18,1749562356885.0,2025-06-10 13:32:36.885
1749562357085.0,ALT_external,,,,,,0.97,3.18,1749562357085.0,2025-06-10 13:32:37.085
1749562357285.0,ALT_external,,,,,,0.97,3.18,1749562357285.0,2025-06-10 13:32:37.285
1749562357486.0,ALT_external,,,,,,0.97,3.18,1749562357486.0,2025-06-10 13:32:37.486
1749562357686.0,ALT_external,,,,,,0.97,3.18,1749562357686.0,2025-06-10 13:32:37.686
1749562357886.0,ALT_external,,,,,,0.97,3.18,1749562357886.0,2025-06-10 13:32:37.886
1749562358086.0,ALT_external,,,,,,0.97,3.18,1749562358086.0,2025-06-10 13:32:38.086
1749562358287.0,ALT_external,,,,,,0.97,3.18,1749562358287.0,2025-06-10 13:32:38.287
1749562358487.0,ALT_external,,,,,,0.97,3.18,1749562358487.0,2025-06-10 13:32:38.487
1749562358687.0,ALT_external,,,,,,0.97,3.18,1749562358687.0,2025-06-10 13:32:38.687
1749562358888.0,ALT_external,,,,,,0.97,3.18,1749562358888.0,2025-06-10 13:32:38.888
1749562359088.0,ALT_external,,,,,,0.97,3.18,1749562359088.0,2025-06-10 13:32:39.088
1749562359289.0,ALT_external,,,,,,0.97,3.18,1749562359289.0,2025-06-10 13:32:39.289
1749562359489.0,ALT_external,,,,,,0.97,3.18,1749562359489.0,2025-06-10 13:32:39.489
1749562359690.0,ALT_external,,,,,,0.97,3.18,1749562359690.0,2025-06-10 13:32:39.690
1749562359890.0,ALT_external,,,,,,0.97,3.18,1749562359890.0,2025-06-10 13:32:39.890
1749562360091.0,ALT_external,,,,,,0.97,3.18,1749562360091.0,2025-06-10 13:32:40.091
1749562360291.0,ALT_external,,,,,,0.97,3.18,1749562360291.0,2025-06-10 13:32:40.291
1749562360491.0,ALT_external,,,,,,0.97,3.18,1749562360491.0,2025-06-10 13:32:40.491
1749562360692.0,ALT_external,,,,,,0.97,3.18,1749562360692.0,2025-06-10 13:32:40.692
1749562360892.0,ALT_external,,,,,,0.97,3.18,1749562360892.0,2025-06-10 13:32:40.892
1749562361092.0,ALT_external,,,,,,0.97,3.18,1749562361092.0,2025-06-10 13:32:41.092
1749562361292.0,ALT_external,,,,,,0.97,3.18,1749562361292.0,2025-06-10 13:32:41.292
1749562361493.0,ALT_external,,,,,,0.97,3.18,1749562361493.0,2025-06-10 13:32:41.493
1749562361693.0,ALT_external,,,,,,0.97,3.18,1749562361693.0,2025-06-10 13:32:41.693
1749562361894.0,ALT_external,,,,,,0.97,3.18,1749562361894.0,2025-06-10 13:32:41.894
1749562362094.0,ALT_external,,,,,,0.97,3.18,1749562362094.0,2025-06-10 13:32:42.094
1749562362294.0,ALT_external,,,,,,0.97,3.18,1749562362294.0,2025-06-10 13:32:42.294
1749562362495.0,ALT_external,,,,,,0.97,3.18,1749562362495.0,2025-06-10 13:32:42.495
1749562362695.0,ALT_external,,,,,,0.97,3.18,1749562362695.0,2025-06-10 13:32:42.695
1749562362895.0,ALT_external,,,,,,0.97,3.18,1749562362895.0,2025-06-10 13:32:42.895
1749562363095.0,ALT_external,,,,,,0.97,3.18,1749562363095.0,2025-06-10 13:32:43.095
1749562363296.0,ALT_external,,,,,,0.97,3.18,1749562363296.0,2025-06-10 13:32:43.296
1749562363496.0,ALT_external,,,,,,0.97,3.18,1749562363496.0,2025-06-10 13:32:43.496
1749562363696.0,ALT_external,,,,,,0.97,3.18,1749562363696.0,2025-06-10 13:32:43.696
1749562363897.0,ALT_external,,,,,,0.97,3.18,1749562363897.0,2025-06-10 13:32:43.897
1749562364097.0,ALT_external,,,,,,0.97,3.18,1749562364097.0,2025-06-10 13:32:44.097
1749562364297.0,ALT_external,,,,,,0.97,3.18,1749562364297.0,2025-06-10 13:32:44.297
1749562364497.0,ALT_external,,,,,,0.97,3.18,1749562364497.0,2025-06-10 13:32:44.497
1749562364697.0,ALT_external,,,,,,0.97,3.18,1749562364697.0,2025-06-10 13:32:44.697
1749562364898.0,ALT_external,,,,,,0.97,3.18,1749562364898.0,2025-06-10 13:32:44.898
1749562365098.0,ALT_external,,,,,,0.97,3.18,1749562365098.0,2025-06-10 13:32:45.098
1749562365298.0,ALT_external,,,,,,0.97,3.18,1749562365298.0,2025-06-10 13:32:45.298
1749562365498.0,ALT_external,,,,,,0.97,3.18,1749562365498.0,2025-06-10 13:32:45.498
1749562365699.0,ALT_external,,,,,,0.97,3.18,1749562365699.0,2025-06-10 13:32:45.699
1749562365899.0,ALT_external,,,,,,0.97,3.18,1749562365899.0,2025-06-10 13:32:45.899
1749562366099.0,ALT_external,,,,,,0.97,3.18,1749562366099.0,2025-06-10 13:32:46.099
1749562366299.0,ALT_external,,,,,,0.97,3.18,1749562366299.0,2025-06-10 13:32:46.299
1749562366500.0,ALT_external,,,,,,0.97,3.18,1749562366500.0,2025-06-10 13:32:46.500
1749562366700.0,ALT_external,,,,,,0.97,3.18,1749562366700.0,2025-06-10 13:32:46.700
1749562366900.0,ALT_external,,,,,,0.97,3.18,1749562366900.0,2025-06-10 13:32:46.900
1749562367100.0,ALT_external,,,,,,0.97,3.18,1749562367100.0,2025-06-10 13:32:47.100
1749562367300.0,ALT_external,,,,,,0.97,3.18,1749562367300.0,2025-06-10 13:32:47.300
1749562367501.0,ALT_external,,,,,,0.97,3.18,1749562367501.0,2025-06-10 13:32:47.501
1749562367701.0,ALT_external,,,,,,0.97,3.18,1749562367701.0,2025-06-10 13:32:47.701
1749562367902.0,ALT_external,,,,,,0.97,3.18,1749562367902.0,2025-06-10 13:32:47.902
1749562368101.0,ALT_external,,,,,,0.97,3.18,1749562368101.0,2025-06-10 13:32:48.101
1749562368302.0,ALT_external,,,,,,0.97,3.18,1749562368302.0,2025-06-10 13:32:48.302
1749562368502.0,ALT_external,,,,,,0.97,3.18,1749562368502.0,2025-06-10 13:32:48.502
1749562368702.0,ALT_external,,,,,,0.97,3.18,1749562368702.0,2025-06-10 13:32:48.702
1749562368903.0,ALT_external,,,,,,0.97,3.18,1749562368903.0,2025-06-10 13:32:48.903
1749562369103.0,ALT_external,,,,,,0.97,3.18,1749562369103.0,2025-06-10 13:32:49.103
1749562369303.0,ALT_external,,,,,,0.97,3.18,1749562369303.0,2025-06-10 13:32:49.303
1749562369504.0,ALT_external,,,,,,0.97,3.18,1749562369504.0,2025-06-10 13:32:49.504
1749562369704.0,ALT_external,,,,,,0.97,3.18,1749562369704.0,2025-06-10 13:32:49.704
1749562369904.0,ALT_external,,,,,,0.97,3.18,1749562369904.0,2025-06-10 13:32:49.904
1749562370105.0,ALT_external,,,,,,0.97,3.18,1749562370105.0,2025-06-10 13:32:50.105
1749562370305.0,ALT_external,,,,,,0.97,3.18,1749562370305.0,2025-06-10 13:32:50.305
1749562370505.0,ALT_external,,,,,,0.97,3.18,1749562370505.0,2025-06-10 13:32:50.505
1749562370705.0,ALT_external,,,,,,0.97,3.18,1749562370705.0,2025-06-10 13:32:50.705
1749562370906.0,ALT_external,,,,,,0.97,3.18,1749562370906.0,2025-06-10 13:32:50.906
1749562371106.0,ALT_external,,,,,,0.97,3.18,1749562371106.0,2025-06-10 13:32:51.106
1749562371306.0,ALT_external,,,,,,0.97,3.18,1749562371306.0,2025-06-10 13:32:51.306
1749562371506.0,ALT_external,,,,,,0.97,3.18,1749562371506.0,2025-06-10 13:32:51.506
1749562371707.0,ALT_external,,,,,,0.97,3.18,1749562371707.0,2025-06-10 13:32:51.707
1749562371907.0,ALT_external,,,,,,0.97,3.18,1749562371907.0,2025-06-10 13:32:51.907
1749562372107.0,ALT_external,,,,,,0.97,3.18,1749562372107.0,2025-06-10 13:32:52.107
1749562372308.0,ALT_external,,,,,,0.97,3.18,1749562372308.0,2025-06-10 13:32:52.308
1749562372508.0,ALT_external,,,,,,0.97,3.18,1749562372508.0,2025-06-10 13:32:52.508
1749562372708.0,ALT_external,,,,,,0.97,3.18,1749562372708.0,2025-06-10 13:32:52.708
1749562372909.0,ALT_external,,,,,,0.97,3.18,1749562372909.0,2025-06-10 13:32:52.909
1749562373109.0,ALT_external,,,,,,0.97,3.18,1749562373109.0,2025-06-10 13:32:53.109
1749562373309.0,ALT_external,,,,,,0.97,3.18,1749562373309.0,2025-06-10 13:32:53.309
1749562373510.0,ALT_external,,,,,,0.97,3.18,1749562373510.0,2025-06-10 13:32:53.510
1749562373710.0,ALT_external,,,,,,0.97,3.18,1749562373710.0,2025-06-10 13:32:53.710
1749562373910.0,ALT_external,,,,,,0.97,3.18,1749562373910.0,2025-06-10 13:32:53.910
1749562374110.0,ALT_external,,,,,,0.97,3.18,1749562374110.0,2025-06-10 13:32:54.110
1749562374311.0,ALT_external,,,,,,0.97,3.18,1749562374311.0,2025-06-10 13:32:54.311
1749562374511.0,ALT_external,,,,,,0.97,3.18,1749562374511.0,2025-06-10 13:32:54.511
1749562374711.0,ALT_external,,,,,,0.97,3.18,1749562374711.0,2025-06-10 13:32:54.711
1749562374912.0,ALT_external,,,,,,0.97,3.18,1749562374912.0,2025-06-10 13:32:54.912
1749562375112.0,ALT_external,,,,,,0.97,3.18,1749562375112.0,2025-06-10 13:32:55.112
1749562375312.0,ALT_external,,,,,,0.97,3.18,1749562375312.0,2025-06-10 13:32:55.312
1749562375512.0,ALT_external,,,,,,0.97,3.18,1749562375512.0,2025-06-10 13:32:55.512
1749562375713.0,ALT_external,,,,,,0.97,3.18,1749562375713.0,2025-06-10 13:32:55.713
1749562375913.0,ALT_external,,,,,,0.97,3.18,1749562375913.0,2025-06-10 13:32:55.913
1749562376114.0,ALT_external,,,,,,0.97,3.18,1749562376114.0,2025-06-10 13:32:56.114
1749562376314.0,ALT_external,,,,,,0.97,3.18,1749562376314.0,2025-06-10 13:32:56.314
1749562376515.0,ALT_external,,,,,,0.97,3.18,1749562376515.0,2025-06-10 13:32:56.515
1749562376715.0,ALT_external,,,,,,0.97,3.18,1749562376715.0,2025-06-10 13:32:56.715
1749562376915.0,ALT_external,,,,,,0.97,3.18,1749562376915.0,2025-06-10 13:32:56.915
1749562377115.0,ALT_external,,,,,,0.97,3.18,1749562377115.0,2025-06-10 13:32:57.115
1749562377315.0,ALT_external,,,,,,0.97,3.18,1749562377315.0,2025-06-10 13:32:57.315
1749562377516.0,ALT_external,,,,,,0.97,3.18,1749562377516.0,2025-06-10 13:32:57.516
1749562377716.0,ALT_external,,,,,,0.97,3.18,1749562377716.0,2025-06-10 13:32:57.716
1749562377916.0,ALT_external,,,,,,0.97,3.18,1749562377916.0,2025-06-10 13:32:57.916
1749562378117.0,ALT_external,,,,,,0.97,3.18,1749562378117.0,2025-06-10 13:32:58.117
1749562378317.0,ALT_external,,,,,,0.97,3.18,1749562378317.0,2025-06-10 13:32:58.317
1749562378517.0,ALT_external,,,,,,0.97,3.18,1749562378517.0,2025-06-10 13:32:58.517
1749562378717.0,ALT_external,,,,,,0.97,3.18,1749562378717.0,2025-06-10 13:32:58.717
1749562378918.0,ALT_external,,,,,,0.97,3.18,1749562378918.0,2025-06-10 13:32:58.918
1749562379118.0,ALT_external,,,,,,0.97,3.18,1749562379118.0,2025-06-10 13:32:59.118
1749562379318.0,ALT_external,,,,,,0.97,3.18,1749562379318.0,2025-06-10 13:32:59.318
1749562379518.0,ALT_external,,,,,,0.97,3.18,1749562379518.0,2025-06-10 13:32:59.518
1749562379718.0,ALT_external,,,,,,0.97,3.18,1749562379718.0,2025-06-10 13:32:59.718
1749562379919.0,ALT_external,,,,,,0.97,3.18,1749562379919.0,2025-06-10 13:32:59.919
1749562380119.0,ALT_external,,,,,,0.97,3.18,1749562380119.0,2025-06-10 13:33:00.119
1749562380319.0,ALT_external,,,,,,0.97,3.18,1749562380319.0,2025-06-10 13:33:00.319
1749562380519.0,ALT_external,,,,,,0.97,3.18,1749562380519.0,2025-06-10 13:33:00.519
1749562380720.0,ALT_external,,,,,,0.97,3.18,1749562380720.0,2025-06-10 13:33:00.720
1749562380920.0,ALT_external,,,,,,0.97,3.18,1749562380920.0,2025-06-10 13:33:00.920
1749562381120.0,ALT_external,,,,,,0.97,3.18,1749562381120.0,2025-06-10 13:33:01.120
1749562381320.0,ALT_external,,,,,,0.97,3.18,1749562381320.0,2025-06-10 13:33:01.320
1749562381521.0,ALT_external,,,,,,0.97,3.18,1749562381521.0,2025-06-10 13:33:01.521
1749562381721.0,ALT_external,,,,,,0.97,3.18,1749562381721.0,2025-06-10 13:33:01.721
1749562381921.0,ALT_external,,,,,,0.97,3.18,1749562381921.0,2025-06-10 13:33:01.921
1749562382121.0,ALT_external,,,,,,0.97,3.18,1749562382121.0,2025-06-10 13:33:02.121
1749562382322.0,ALT_external,,,,,,0.97,3.18,1749562382322.0,2025-06-10 13:33:02.322
1749562382522.0,ALT_external,,,,,,0.97,3.18,1749562382522.0,2025-06-10 13:33:02.522
1749562382722.0,ALT_external,,,,,,0.97,3.18,1749562382722.0,2025-06-10 13:33:02.722
1749562382923.0,ALT_external,,,,,,0.97,3.18,1749562382923.0,2025-06-10 13:33:02.923
1749562383123.0,ALT_external,,,,,,0.97,3.18,1749562383123.0,2025-06-10 13:33:03.123
1749562383323.0,ALT_external,,,,,,0.97,3.18,1749562383323.0,2025-06-10 13:33:03.323
1749562383523.0,ALT_external,,,,,,0.97,3.18,1749562383523.0,2025-06-10 13:33:03.523
1749562383724.0,ALT_external,,,,,,0.97,3.18,1749562383724.0,2025-06-10 13:33:03.724
1749562383924.0,ALT_external,,,,,,0.97,3.18,1749562383924.0,2025-06-10 13:33:03.924
1749562384124.0,ALT_external,,,,,,0.97,3.18,1749562384124.0,2025-06-10 13:33:04.124
1749562384325.0,ALT_external,,,,,,0.97,3.18,1749562384325.0,2025-06-10 13:33:04.325
1749562384525.0,ALT_external,,,,,,0.97,3.18,1749562384525.0,2025-06-10 13:33:04.525
1749562384725.0,ALT_external,,,,,,0.97,3.18,1749562384725.0,2025-06-10 13:33:04.725
1749562384925.0,ALT_external,,,,,,0.97,3.18,1749562384925.0,2025-06-10 13:33:04.925
1749562385126.0,ALT_external,,,,,,0.97,3.18,1749562385126.0,2025-06-10 13:33:05.126
1749562385326.0,ALT_external,,,,,,0.97,3.18,1749562385326.0,2025-06-10 13:33:05.326
1749562385526.0,ALT_external,,,,,,0.97,3.18,1749562385526.0,2025-06-10 13:33:05.526
1749562385726.0,ALT_external,,,,,,0.97,3.18,1749562385726.0,2025-06-10 13:33:05.726
1749562385928.0,ALT_external,,,,,,0.97,3.18,1749562385928.0,2025-06-10 13:33:05.928
1749562386127.0,ALT_external,,,,,,0.97,3.18,1749562386127.0,2025-06-10 13:33:06.127
1749562386328.0,ALT_external,,,,,,0.97,3.18,1749562386328.0,2025-06-10 13:33:06.328
1749562386528.0,ALT_external,,,,,,0.97,3.18,1749562386528.0,2025-06-10 13:33:06.528
1749562386728.0,ALT_external,,,,,,0.97,3.18,1749562386728.0,2025-06-10 13:33:06.728
1749562386929.0,ALT_external,,,,,,0.97,3.18,1749562386929.0,2025-06-10 13:33:06.929
1749562387129.0,ALT_external,,,,,,0.97,3.18,1749562387129.0,2025-06-10 13:33:07.129
1749562387329.0,ALT_external,,,,,,0.97,3.18,1749562387329.0,2025-06-10 13:33:07.329
1749562387530.0,ALT_external,,,,,,0.97,3.18,1749562387530.0,2025-06-10 13:33:07.530
1749562387730.0,ALT_external,,,,,,0.97,3.18,1749562387730.0,2025-06-10 13:33:07.730
1749562387930.0,ALT_external,,,,,,0.97,3.18,1749562387930.0,2025-06-10 13:33:07.930
1749562388131.0,ALT_external,,,,,,0.97,3.18,1749562388131.0,2025-06-10 13:33:08.131
1749562388331.0,ALT_external,,,,,,0.97,3.18,1749562388331.0,2025-06-10 13:33:08.331
1749562388531.0,ALT_external,,,,,,0.97,3.18,1749562388531.0,2025-06-10 13:33:08.531
1749562388731.0,ALT_external,,,,,,0.97,3.18,1749562388731.0,2025-06-10 13:33:08.731
1749562388932.0,ALT_external,,,,,,0.97,3.18,1749562388932.0,2025-06-10 13:33:08.932
1749562389132.0,ALT_external,,,,,,0.97,3.18,1749562389132.0,2025-06-10 13:33:09.132
1749562389332.0,ALT_external,,,,,,0.97,3.18,1749562389332.0,2025-06-10 13:33:09.332
1749562389532.0,ALT_external,,,,,,0.97,3.18,1749562389532.0,2025-06-10 13:33:09.532
1749562389733.0,ALT_external,,,,,,0.97,3.18,1749562389733.0,2025-06-10 13:33:09.733
1749562389933.0,ALT_external,,,,,,0.97,3.18,1749562389933.0,2025-06-10 13:33:09.933
1749562390133.0,ALT_external,,,,,,0.97,3.18,1749562390133.0,2025-06-10 13:33:10.133
1749562390333.0,ALT_external,,,,,,0.97,3.18,1749562390333.0,2025-06-10 13:33:10.333
1749562390534.0,ALT_external,,,,,,0.97,3.18,1749562390534.0,2025-06-10 13:33:10.534
1749562390734.0,ALT_external,,,,,,0.97,3.18,1749562390734.0,2025-06-10 13:33:10.734
1749562390934.0,ALT_external,,,,,,0.97,3.18,1749562390934.0,2025-06-10 13:33:10.934
1749562391135.0,ALT_external,,,,,,0.97,3.18,1749562391135.0,2025-06-10 13:33:11.135
1749562391335.0,ALT_external,,,,,,0.97,3.18,1749562391335.0,2025-06-10 13:33:11.335
1749562391535.0,ALT_external,,,,,,0.97,3.18,1749562391535.0,2025-06-10 13:33:11.535
1749562391736.0,ALT_external,,,,,,0.97,3.18,1749562391736.0,2025-06-10 13:33:11.736
1749562391936.0,ALT_external,,,,,,0.97,3.18,1749562391936.0,2025-06-10 13:33:11.936
1749562392136.0,ALT_external,,,,,,0.97,3.18,1749562392136.0,2025-06-10 13:33:12.136
1749562392336.0,ALT_external,,,,,,0.97,3.18,1749562392336.0,2025-06-10 13:33:12.336
1749562392537.0,ALT_external,,,,,,0.97,3.18,1749562392537.0,2025-06-10 13:33:12.537
1749562392737.0,ALT_external,,,,,,0.97,3.18,1749562392737.0,2025-06-10 13:33:12.737
1749562392937.0,ALT_external,,,,,,0.97,3.18,1749562392937.0,2025-06-10 13:33:12.937
1749562393137.0,ALT_external,,,,,,0.97,3.18,1749562393137.0,2025-06-10 13:33:13.137
1749562393338.0,ALT_external,,,,,,0.97,3.18,1749562393338.0,2025-06-10 13:33:13.338
1749562393538.0,ALT_external,,,,,,0.97,3.18,1749562393538.0,2025-06-10 13:33:13.538
1749562393738.0,ALT_external,,,,,,0.97,3.18,1749562393738.0,2025-06-10 13:33:13.738
1749562393939.0,ALT_external,,,,,,0.97,3.18,1749562393939.0,2025-06-10 13:33:13.939
1749562394139.0,ALT_external,,,,,,0.97,3.18,1749562394139.0,2025-06-10 13:33:14.139
1749562394339.0,ALT_external,,,,,,0.97,3.18,1749562394339.0,2025-06-10 13:33:14.339
1749562394539.0,ALT_external,,,,,,0.97,3.18,1749562394539.0,2025-06-10 13:33:14.539
1749562394740.0,ALT_external,,,,,,0.97,3.18,1749562394740.0,2025-06-10 13:33:14.740
1749562394940.0,ALT_external,,,,,,0.97,3.18,1749562394940.0,2025-06-10 13:33:14.940
1749562395140.0,ALT_external,,,,,,0.97,3.18,1749562395140.0,2025-06-10 13:33:15.140
1749562395340.0,ALT_external,,,,,,0.97,3.18,1749562395340.0,2025-06-10 13:33:15.340
1749562395541.0,ALT_external,,,,,,0.97,3.18,1749562395541.0,2025-06-10 13:33:15.541
1749562395741.0,ALT_external,,,,,,0.97,3.18,1749562395741.0,2025-06-10 13:33:15.741
1749562395942.0,ALT_external,,,,,,0.97,3.18,1749562395942.0,2025-06-10 13:33:15.942
1749562396141.0,ALT_external,,,,,,0.97,3.18,1749562396141.0,2025-06-10 13:33:16.141
1749562396342.0,ALT_external,,,,,,0.97,3.18,1749562396342.0,2025-06-10 13:33:16.342
1749562396542.0,ALT_external,,,,,,0.97,3.18,1749562396542.0,2025-06-10 13:33:16.542
1749562396742.0,ALT_external,,,,,,0.97,3.18,1749562396742.0,2025-06-10 13:33:16.742
1749562396944.0,ALT_external,,,,,,0.97,3.18,1749562396944.0,2025-06-10 13:33:16.944
1749562397143.0,ALT_external,,,,,,0.97,3.18,1749562397143.0,2025-06-10 13:33:17.143
1749562397343.0,ALT_external,,,,,,0.97,3.18,1749562397343.0,2025-06-10 13:33:17.343
1749562397544.0,ALT_external,,,,,,0.97,3.18,1749562397544.0,2025-06-10 13:33:17.544
1749562397744.0,ALT_external,,,,,,0.97,3.18,1749562397744.0,2025-06-10 13:33:17.744
1749562397946.0,ALT_external,,,,,,0.97,3.18,1749562397946.0,2025-06-10 13:33:17.946
1749562398145.0,ALT_external,,,,,,0.97,3.18,1749562398145.0,2025-06-10 13:33:18.145
1749562398345.0,ALT_external,,,,,,0.97,3.18,1749562398345.0,2025-06-10 13:33:18.345
1749562398546.0,ALT_external,,,,,,0.97,3.18,1749562398546.0,2025-06-10 13:33:18.546
1749562398745.0,ALT_external,,,,,,0.97,3.18,1749562398745.0,2025-06-10 13:33:18.745
1749562398948.0,ALT_external,,,,,,0.97,3.18,1749562398948.0,2025-06-10 13:33:18.948
1749562399146.0,ALT_external,,,,,,0.97,3.18,1749562399146.0,2025-06-10 13:33:19.146
1749562399346.0,ALT_external,,,,,,0.97,3.18,1749562399346.0,2025-06-10 13:33:19.346
1749562399547.0,ALT_external,,,,,,0.97,3.18,1749562399547.0,2025-06-10 13:33:19.547
1749562399747.0,ALT_external,,,,,,0.97,3.18,1749562399747.0,2025-06-10 13:33:19.747
1749562399947.0,ALT_external,,,,,,0.97,3.18,1749562399947.0,2025-06-10 13:33:19.947
1749562400147.0,ALT_external,,,,,,0.97,3.18,1749562400147.0,2025-06-10 13:33:20.147
1749562400348.0,ALT_external,,,,,,0.97,3.18,1749562400348.0,2025-06-10 13:33:20.348
1749562400548.0,ALT_external,,,,,,0.97,3.18,1749562400548.0,2025-06-10 13:33:20.548
1749562400749.0,ALT_external,,,,,,0.97,3.18,1749562400749.0,2025-06-10 13:33:20.749
1749562400949.0,ALT_external,,,,,,0.97,3.18,1749562400949.0,2025-06-10 13:33:20.949
1749562401149.0,ALT_external,,,,,,0.97,3.18,1749562401149.0,2025-06-10 13:33:21.149
1749562401350.0,ALT_external,,,,,,0.97,3.18,1749562401350.0,2025-06-10 13:33:21.350
1749562401550.0,ALT_external,,,,,,0.97,3.18,1749562401550.0,2025-06-10 13:33:21.550
1749562401750.0,ALT_external,,,,,,0.97,3.18,1749562401750.0,2025-06-10 13:33:21.750
1749562401950.0,ALT_external,,,,,,0.97,3.18,1749562401950.0,2025-06-10 13:33:21.950
1749562402151.0,ALT_external,,,,,,0.97,3.18,1749562402151.0,2025-06-10 13:33:22.151
1749562402351.0,ALT_external,,,,,,0.97,3.18,1749562402351.0,2025-06-10 13:33:22.351
1749562402551.0,ALT_external,,,,,,0.97,3.18,1749562402551.0,2025-06-10 13:33:22.551
1749562402751.0,ALT_external,,,,,,0.97,3.18,1749562402751.0,2025-06-10 13:33:22.751
1749562402958.0,ALT_external,,,,,,0.97,3.18,1749562402958.0,2025-06-10 13:33:22.958
1749562403152.0,ALT_external,,,,,,0.97,3.18,1749562403152.0,2025-06-10 13:33:23.152
1749562403352.0,ALT_external,,,,,,0.97,3.18,1749562403352.0,2025-06-10 13:33:23.352
1749562403553.0,ALT_external,,,,,,0.97,3.18,1749562403553.0,2025-06-10 13:33:23.553
1749562403753.0,ALT_external,,,,,,0.96,3.15,1749562403753.0,2025-06-10 13:33:23.753
1749562403953.0,ALT_external,,,,,,0.96,3.15,1749562403953.0,2025-06-10 13:33:23.953
1749562404154.0,ALT_external,,,,,,0.96,3.15,1749562404154.0,2025-06-10 13:33:24.154
1749562404354.0,ALT_external,,,,,,0.97,3.18,1749562404354.0,2025-06-10 13:33:24.354
1749562404554.0,ALT_external,,,,,,0.96,3.15,1749562404554.0,2025-06-10 13:33:24.554
1749562404755.0,ALT_external,,,,,,0.96,3.15,1749562404755.0,2025-06-10 13:33:24.755
1749562404955.0,ALT_external,,,,,,0.96,3.15,1749562404955.0,2025-06-10 13:33:24.955
1749562405155.0,ALT_external,,,,,,0.96,3.15,1749562405155.0,2025-06-10 13:33:25.155
1749562405355.0,ALT_external,,,,,,0.96,3.15,1749562405355.0,2025-06-10 13:33:25.355
1749562405556.0,ALT_external,,,,,,0.96,3.15,1749562405556.0,2025-06-10 13:33:25.556
1749562405756.0,ALT_external,,,,,,0.96,3.15,1749562405756.0,2025-06-10 13:33:25.756
1749562405956.0,ALT_external,,,,,,0.96,3.15,1749562405956.0,2025-06-10 13:33:25.956
1749562406157.0,ALT_external,,,,,,0.96,3.15,1749562406157.0,2025-06-10 13:33:26.157
1749562406357.0,ALT_external,,,,,,0.96,3.15,1749562406357.0,2025-06-10 13:33:26.357
1749562406557.0,ALT_external,,,,,,0.96,3.15,1749562406557.0,2025-06-10 13:33:26.557
1749562406757.0,ALT_external,,,,,,0.96,3.15,1749562406757.0,2025-06-10 13:33:26.757
1749562406957.0,ALT_external,,,,,,0.96,3.15,1749562406957.0,2025-06-10 13:33:26.957
1749562407158.0,ALT_external,,,,,,0.97,3.18,1749562407158.0,2025-06-10 13:33:27.158
1749562407358.0,ALT_external,,,,,,0.96,3.15,1749562407358.0,2025-06-10 13:33:27.358
1749562407558.0,ALT_external,,,,,,0.97,3.18,1749562407558.0,2025-06-10 13:33:27.558
1749562407758.0,ALT_external,,,,,,0.97,3.18,1749562407758.0,2025-06-10 13:33:27.758
1749562407959.0,ALT_external,,,,,,0.97,3.18,1749562407959.0,2025-06-10 13:33:27.959
1749562408159.0,ALT_external,,,,,,0.96,3.15,1749562408159.0,2025-06-10 13:33:28.159
1749562408359.0,ALT_external,,,,,,0.97,3.18,1749562408359.0,2025-06-10 13:33:28.359
1749562408559.0,ALT_external,,,,,,0.97,3.18,1749562408559.0,2025-06-10 13:33:28.559
1749562408760.0,ALT_external,,,,,,0.97,3.18,1749562408760.0,2025-06-10 13:33:28.760
1749562408960.0,ALT_external,,,,,,0.97,3.18,1749562408960.0,2025-06-10 13:33:28.960
1749562409160.0,ALT_external,,,,,,0.97,3.18,1749562409160.0,2025-06-10 13:33:29.160
1749562409360.0,ALT_external,,,,,,0.97,3.18,1749562409360.0,2025-06-10 13:33:29.360
1749562409561.0,ALT_external,,,,,,0.97,3.18,1749562409561.0,2025-06-10 13:33:29.561
1749562409761.0,ALT_external,,,,,,0.97,3.18,1749562409761.0,2025-06-10 13:33:29.761
1749562409961.0,ALT_external,,,,,,0.97,3.18,1749562409961.0,2025-06-10 13:33:29.961
1749562410162.0,ALT_external,,,,,,0.97,3.18,1749562410162.0,2025-06-10 13:33:30.162
1749562410362.0,ALT_external,,,,,,0.97,3.18,1749562410362.0,2025-06-10 13:33:30.362
1749562410562.0,ALT_external,,,,,,0.97,3.18,1749562410562.0,2025-06-10 13:33:30.562
1749562410762.0,ALT_external,,,,,,0.97,3.18,1749562410762.0,2025-06-10 13:33:30.762
1749562410962.0,ALT_external,,,,,,0.96,3.15,1749562410962.0,2025-06-10 13:33:30.962
1749562411163.0,ALT_external,,,,,,0.97,3.18,1749562411163.0,2025-06-10 13:33:31.163
1749562411364.0,ALT_external,,,,,,0.97,3.18,1749562411364.0,2025-06-10 13:33:31.364
1749562411563.0,ALT_external,,,,,,0.97,3.18,1749562411563.0,2025-06-10 13:33:31.563
1749562411764.0,ALT_external,,,,,,0.97,3.18,1749562411764.0,2025-06-10 13:33:31.764
1749562411964.0,ALT_external,,,,,,0.97,3.18,1749562411964.0,2025-06-10 13:33:31.964
1749562412164.0,ALT_external,,,,,,0.97,3.18,1749562412164.0,2025-06-10 13:33:32.164
1749562412365.0,ALT_external,,,,,,0.97,3.18,1749562412365.0,2025-06-10 13:33:32.365
1749562412565.0,ALT_external,,,,,,0.97,3.18,1749562412565.0,2025-06-10 13:33:32.565
1749562412765.0,ALT_external,,,,,,0.97,3.18,1749562412765.0,2025-06-10 13:33:32.765
1749562412966.0,ALT_external,,,,,,1.0,3.28,1749562412966.0,2025-06-10 13:33:32.966
1749562413166.0,ALT_external,,,,,,1.06,3.48,1749562413166.0,2025-06-10 13:33:33.166
1749562413366.0,ALT_external,,,,,,1.01,3.31,1749562413366.0,2025-06-10 13:33:33.366
1749562413567.0,ALT_external,,,,,,0.97,3.18,1749562413567.0,2025-06-10 13:33:33.567
1749562413767.0,ALT_external,,,,,,0.97,3.18,1749562413767.0,2025-06-10 13:33:33.767
1749562414168.0,ALT_external,,,,,,0.97,3.18,1749562414168.0,2025-06-10 13:33:34.168
1749562414368.0,ALT_external,,,,,,0.97,3.18,1749562414368.0,2025-06-10 13:33:34.368
1749562414569.0,ALT_external,,,,,,0.97,3.18,1749562414569.0,2025-06-10 13:33:34.569
1749562414769.0,ALT_external,,,,,,0.97,3.18,1749562414769.0,2025-06-10 13:33:34.769
1749562414969.0,ALT_external,,,,,,1.03,3.38,1749562414969.0,2025-06-10 13:33:34.969
1749562415170.0,ALT_external,,,,,,0.98,3.22,1749562415170.0,2025-06-10 13:33:35.170
1749562415370.0,ALT_external,,,,,,0.97,3.18,1749562415370.0,2025-06-10 13:33:35.370
1749562415570.0,ALT_external,,,,,,0.97,3.18,1749562415570.0,2025-06-10 13:33:35.570
1749562415771.0,ALT_external,,,,,,0.97,3.18,1749562415771.0,2025-06-10 13:33:35.771
1749562415971.0,ALT_external,,,,,,0.97,3.18,1749562415971.0,2025-06-10 13:33:35.971
1749562416171.0,ALT_external,,,,,,1.01,3.31,1749562416171.0,2025-06-10 13:33:36.171
1749562416372.0,ALT_external,,,,,,0.97,3.18,1749562416372.0,2025-06-10 13:33:36.372
1749562416572.0,ALT_external,,,,,,0.97,3.18,1749562416572.0,2025-06-10 13:33:36.572
1749562416772.0,ALT_external,,,,,,0.97,3.18,1749562416772.0,2025-06-10 13:33:36.772
1749562416973.0,ALT_external,,,,,,0.97,3.18,1749562416973.0,2025-06-10 13:33:36.973
1749562417173.0,ALT_external,,,,,,0.96,3.15,1749562417173.0,2025-06-10 13:33:37.173
1749562417373.0,ALT_external,,,,,,0.97,3.18,1749562417373.0,2025-06-10 13:33:37.373
1749562417573.0,ALT_external,,,,,,0.96,3.15,1749562417573.0,2025-06-10 13:33:37.573
1749562417774.0,ALT_external,,,,,,0.97,3.18,1749562417774.0,2025-06-10 13:33:37.774
1749562417974.0,ALT_external,,,,,,0.97,3.18,1749562417974.0,2025-06-10 13:33:37.974
1749562418175.0,ALT_external,,,,,,1.01,3.31,1749562418175.0,2025-06-10 13:33:38.175
1749562418375.0,ALT_external,,,,,,0.97,3.18,1749562418375.0,2025-06-10 13:33:38.375
1749562418575.0,ALT_external,,,,,,0.97,3.18,1749562418575.0,2025-06-10 13:33:38.575
1749562418775.0,ALT_external,,,,,,0.97,3.18,1749562418775.0,2025-06-10 13:33:38.775
1749562418976.0,ALT_external,,,,,,0.97,3.18,1749562418976.0,2025-06-10 13:33:38.976
1749562419176.0,ALT_external,,,,,,0.97,3.18,1749562419176.0,2025-06-10 13:33:39.176
1749562419376.0,ALT_external,,,,,,0.97,3.18,1749562419376.0,2025-06-10 13:33:39.376
1749562419576.0,ALT_external,,,,,,0.97,3.18,1749562419576.0,2025-06-10 13:33:39.576
1749562419777.0,ALT_external,,,,,,0.97,3.18,1749562419777.0,2025-06-10 13:33:39.777
1749562419977.0,ALT_external,,,,,,0.97,3.18,1749562419977.0,2025-06-10 13:33:39.977
1749562420177.0,ALT_external,,,,,,0.97,3.18,1749562420177.0,2025-06-10 13:33:40.177
1749562420377.0,ALT_external,,,,,,0.97,3.18,1749562420377.0,2025-06-10 13:33:40.377
1749562420578.0,ALT_external,,,,,,0.97,3.18,1749562420578.0,2025-06-10 13:33:40.578
1749562420778.0,ALT_external,,,,,,0.97,3.18,1749562420778.0,2025-06-10 13:33:40.778
1749562420978.0,ALT_external,,,,,,0.97,3.18,1749562420978.0,2025-06-10 13:33:40.978
1749562421179.0,ALT_external,,,,,,0.97,3.18,1749562421179.0,2025-06-10 13:33:41.179
1749562421379.0,ALT_external,,,,,,0.97,3.18,1749562421379.0,2025-06-10 13:33:41.379
1749562421579.0,ALT_external,,,,,,0.97,3.18,1749562421579.0,2025-06-10 13:33:41.579
1749562421779.0,ALT_external,,,,,,0.97,3.18,1749562421779.0,2025-06-10 13:33:41.779
1749562421979.0,ALT_external,,,,,,0.97,3.18,1749562421979.0,2025-06-10 13:33:41.979
1749562422180.0,ALT_external,,,,,,0.97,3.18,1749562422180.0,2025-06-10 13:33:42.180
