timestamp,eID,Lat,Lon,Height,HeightMSL,gpsFix,Date,hDOP,noSat,vT,datetime
1749562270158,GPS_external,0,0,44.3,44.3,fix,1749562268000,9999,4,1749562270158,2025-06-10 13:31:10.158
1749562270358,GPS_external,0,0,44.4,44.4,fix,1749562268000,9999,4,1749562270358,2025-06-10 13:31:10.358
1749562270559,GPS_external,0,0,44.4,44.4,fix,1749562268000,9999,4,1749562270559,2025-06-10 13:31:10.559
1749562270759,GPS_external,0,0,44.4,44.4,fix,1749562268000,9999,4,1749562270759,2025-06-10 13:31:10.759
1749562270959,GPS_external,0,0,44.4,44.4,fix,1749562268000,9999,4,1749562270959,2025-06-10 13:31:10.959
1749562271159,GPS_external,0,0,44.4,44.4,fix,1749562269000,9999,4,1749562271159,2025-06-10 13:31:11.159
1749562271360,GPS_external,0,0,44.4,44.4,fix,1749562269000,9999,4,1749562271360,2025-06-10 13:31:11.360
1749562271560,GPS_external,0,0,44.4,44.4,fix,1749562269000,9999,4,1749562271560,2025-06-10 13:31:11.560
1749562271760,GPS_external,0,0,44.4,44.4,fix,1749562269000,9999,4,1749562271760,2025-06-10 13:31:11.760
1749562271960,GPS_external,0,0,44.5,44.5,fix,1749562269000,9999,4,1749562271960,2025-06-10 13:31:11.960
1749562272161,GPS_external,0,0,44.5,44.5,fix,1749562270000,9999,4,1749562272161,2025-06-10 13:31:12.161
1749562272361,GPS_external,0,0,44.5,44.5,fix,1749562270000,9999,4,1749562272361,2025-06-10 13:31:12.361
1749562272562,GPS_external,0,0,44.5,44.5,fix,1749562270000,9999,4,1749562272562,2025-06-10 13:31:12.562
1749562272762,GPS_external,0,0,44.6,44.6,fix,1749562270000,9999,4,1749562272762,2025-06-10 13:31:12.762
1749562272962,GPS_external,0,0,44.6,44.6,fix,1749562270000,9999,4,1749562272962,2025-06-10 13:31:12.962
1749562273162,GPS_external,0,0,44.6,44.6,fix,1749562271000,9999,4,1749562273162,2025-06-10 13:31:13.162
1749562273363,GPS_external,0,0,44.6,44.6,fix,1749562271000,9999,4,1749562273363,2025-06-10 13:31:13.363
1749562273563,GPS_external,0,0,44.7,44.7,fix,1749562271000,9999,4,1749562273563,2025-06-10 13:31:13.563
1749562273763,GPS_external,0,0,44.7,44.7,fix,1749562271000,9999,4,1749562273763,2025-06-10 13:31:13.763
1749562273964,GPS_external,0,0,44.7,44.7,fix,1749562271000,9999,4,1749562273964,2025-06-10 13:31:13.964
1749562274164,GPS_external,0,0,44.7,44.7,fix,1749562272000,9999,4,1749562274164,2025-06-10 13:31:14.164
1749562274364,GPS_external,0,0,44.7,44.7,fix,1749562272000,9999,4,1749562274364,2025-06-10 13:31:14.364
1749562274564,GPS_external,0,0,44.7,44.7,fix,1749562272000,9999,4,1749562274564,2025-06-10 13:31:14.564
1749562274765,GPS_external,0,0,44.7,44.7,fix,1749562272000,9999,4,1749562274765,2025-06-10 13:31:14.765
1749562274965,GPS_external,0,0,44.7,44.7,fix,1749562272000,9999,4,1749562274965,2025-06-10 13:31:14.965
1749562275165,GPS_external,0,0,44.7,44.7,fix,1749562273000,9999,4,1749562275165,2025-06-10 13:31:15.165
1749562275366,GPS_external,0,0,44.8,44.8,fix,1749562273000,9999,4,1749562275366,2025-06-10 13:31:15.366
1749562275566,GPS_external,0,0,44.8,44.8,fix,1749562273000,9999,4,1749562275566,2025-06-10 13:31:15.566
1749562275766,GPS_external,0,0,44.8,44.8,fix,1749562273000,9999,4,1749562275766,2025-06-10 13:31:15.766
1749562275966,GPS_external,0,0,44.8,44.8,fix,1749562273000,9999,4,1749562275966,2025-06-10 13:31:15.966
1749562276167,GPS_external,0,0,44.8,44.8,fix,1749562274000,9999,4,1749562276167,2025-06-10 13:31:16.167
1749562276367,GPS_external,0,0,44.8,44.8,fix,1749562274000,9999,4,1749562276367,2025-06-10 13:31:16.367
1749562276567,GPS_external,0,0,44.8,44.8,fix,1749562274000,9999,4,1749562276567,2025-06-10 13:31:16.567
1749562276768,GPS_external,0,0,44.8,44.8,fix,1749562274000,9999,4,1749562276768,2025-06-10 13:31:16.768
1749562276968,GPS_external,0,0,44.8,44.8,fix,1749562274000,9999,4,1749562276968,2025-06-10 13:31:16.968
1749562277168,GPS_external,0,0,44.8,44.8,fix,1749562275000,9999,4,1749562277168,2025-06-10 13:31:17.168
1749562277369,GPS_external,0,0,44.8,44.8,fix,1749562275000,9999,4,1749562277369,2025-06-10 13:31:17.369
1749562277569,GPS_external,0,0,44.8,44.8,fix,1749562275000,9999,4,1749562277569,2025-06-10 13:31:17.569
1749562277769,GPS_external,0,0,44.8,44.8,fix,1749562275000,9999,4,1749562277769,2025-06-10 13:31:17.769
1749562277969,GPS_external,0,0,44.8,44.8,fix,1749562275000,164,5,1749562277969,2025-06-10 13:31:17.969
1749562278170,GPS_external,0,0,44.8,44.8,fix,1749562276000,164,5,1749562278170,2025-06-10 13:31:18.170
1749562278370,GPS_external,0,0,44.8,44.8,fix,1749562276000,164,5,1749562278370,2025-06-10 13:31:18.370
1749562278570,GPS_external,0,0,44.8,44.8,fix,1749562276000,164,5,1749562278570,2025-06-10 13:31:18.570
1749562278770,GPS_external,0,0,44.8,44.8,fix,1749562276000,164,5,1749562278770,2025-06-10 13:31:18.770
1749562278971,GPS_external,0,0,44.8,44.8,fix,1749562276000,164,5,1749562278971,2025-06-10 13:31:18.971
1749562279171,GPS_external,0,0,44.8,44.8,fix,1749562277000,164,5,1749562279171,2025-06-10 13:31:19.171
1749562279371,GPS_external,0,0,44.8,44.8,fix,1749562277000,164,5,1749562279371,2025-06-10 13:31:19.371
1749562279572,GPS_external,0,0,44.8,44.8,fix,1749562277000,164,5,1749562279572,2025-06-10 13:31:19.572
1749562279772,GPS_external,0,0,44.8,44.8,fix,1749562277000,164,5,1749562279772,2025-06-10 13:31:19.772
1749562279972,GPS_external,0,0,44.9,44.9,fix,1749562277000,164,5,1749562279972,2025-06-10 13:31:19.972
1749562280173,GPS_external,0,0,44.9,44.9,fix,1749562278000,164,5,1749562280173,2025-06-10 13:31:20.173
1749562280373,GPS_external,0,0,44.8,44.8,fix,1749562278000,175,4,1749562280373,2025-06-10 13:31:20.373
1749562280573,GPS_external,0,0,44.8,44.8,fix,1749562278000,175,4,1749562280573,2025-06-10 13:31:20.573
1749562280773,GPS_external,0,0,44.8,44.8,fix,1749562278000,162,3,1749562280773,2025-06-10 13:31:20.773
1749562280974,GPS_external,0,0,44.8,44.8,fix,1749562278000,9999,0,1749562280974,2025-06-10 13:31:20.974
1749562281174,GPS_external,0,0,44.8,44.8,fix,1749562279000,9999,0,1749562281174,2025-06-10 13:31:21.174
1749562281374,GPS_external,0,0,44.8,44.8,fix,1749562279000,9999,0,1749562281374,2025-06-10 13:31:21.374
1749562281575,GPS_external,0,0,44.8,44.8,fix,1749562279000,9999,0,1749562281575,2025-06-10 13:31:21.575
1749562281775,GPS_external,0,0,44.8,44.8,fix,1749562279000,9999,0,1749562281775,2025-06-10 13:31:21.775
1749562281975,GPS_external,0,0,44.8,44.8,fix,1749562279000,9999,0,1749562281975,2025-06-10 13:31:21.975
1749562282176,GPS_external,0,0,44.8,44.8,fix,1749562280000,9999,0,1749562282176,2025-06-10 13:31:22.176
1749562282376,GPS_external,0,0,44.8,44.8,fix,1749562280000,9999,0,1749562282376,2025-06-10 13:31:22.376
1749562282576,GPS_external,0,0,44.8,44.8,fix,1749562280000,9999,0,1749562282576,2025-06-10 13:31:22.576
1749562282776,GPS_external,0,0,44.8,44.8,fix,1749562280000,9999,0,1749562282776,2025-06-10 13:31:22.776
1749562282976,GPS_external,0,0,44.8,44.8,fix,1749562280000,9999,0,1749562282976,2025-06-10 13:31:22.976
1749562283177,GPS_external,0,0,44.8,44.8,fix,1749562281000,9999,0,1749562283177,2025-06-10 13:31:23.177
1749562283377,GPS_external,0,0,44.8,44.8,fix,1749562281000,9999,0,1749562283377,2025-06-10 13:31:23.377
1749562283578,GPS_external,0,0,44.8,44.8,fix,1749562281000,9999,0,1749562283578,2025-06-10 13:31:23.578
1749562283778,GPS_external,0,0,44.8,44.8,fix,1749562281000,9999,0,1749562283778,2025-06-10 13:31:23.778
1749562283978,GPS_external,0,0,44.8,44.8,fix,1749562281000,560,3,1749562283978,2025-06-10 13:31:23.978
1749562284178,GPS_external,0,0,44.8,44.8,fix,1749562282000,560,3,1749562284178,2025-06-10 13:31:24.178
1749562284378,GPS_external,0,0,44.8,44.8,fix,1749562282000,560,3,1749562284378,2025-06-10 13:31:24.378
1749562284578,GPS_external,0,0,44.8,44.8,fix,1749562282000,560,3,1749562284578,2025-06-10 13:31:24.578
1749562284779,GPS_external,0,0,44.8,44.8,fix,1749562282000,174,4,1749562284779,2025-06-10 13:31:24.779
1749562284979,GPS_external,0,0,44.8,44.8,fix,1749562282000,174,4,1749562284979,2025-06-10 13:31:24.979
1749562285179,GPS_external,0,0,44.8,44.8,fix,1749562283000,174,4,1749562285179,2025-06-10 13:31:25.179
1749562285379,GPS_external,0,0,44.8,44.8,fix,1749562283000,174,4,1749562285379,2025-06-10 13:31:25.379
1749562285580,GPS_external,0,0,44.8,44.8,fix,1749562283000,174,4,1749562285580,2025-06-10 13:31:25.580
1749562285780,GPS_external,0,0,44.7,44.7,fix,1749562283000,174,4,1749562285780,2025-06-10 13:31:25.780
1749562285980,GPS_external,0,0,44.7,44.7,fix,1749562283000,174,4,1749562285980,2025-06-10 13:31:25.980
1749562286181,GPS_external,0,0,44.7,44.7,fix,1749562284000,174,4,1749562286181,2025-06-10 13:31:26.181
1749562286381,GPS_external,0,0,44.7,44.7,fix,1749562284000,174,4,1749562286381,2025-06-10 13:31:26.381
1749562286581,GPS_external,0,0,44.7,44.7,fix,1749562284000,174,4,1749562286581,2025-06-10 13:31:26.581
1749562286781,GPS_external,0,0,44.7,44.7,fix,1749562284000,174,4,1749562286781,2025-06-10 13:31:26.781
1749562286982,GPS_external,0,0,44.7,44.7,fix,1749562284000,144,5,1749562286982,2025-06-10 13:31:26.982
1749562287182,GPS_external,0,0,44.6,44.6,fix,1749562285000,144,5,1749562287182,2025-06-10 13:31:27.182
1749562287382,GPS_external,0,0,44.6,44.6,fix,1749562285000,144,5,1749562287382,2025-06-10 13:31:27.382
1749562287583,GPS_external,0,0,44.6,44.6,fix,1749562285000,144,5,1749562287583,2025-06-10 13:31:27.583
1749562287783,GPS_external,0,0,44.6,44.6,fix,1749562285000,144,5,1749562287783,2025-06-10 13:31:27.783
1749562287983,GPS_external,0,0,44.6,44.6,fix,1749562285000,144,5,1749562287983,2025-06-10 13:31:27.983
1749562288184,GPS_external,0,0,44.6,44.6,fix,1749562286000,144,5,1749562288184,2025-06-10 13:31:28.184
1749562288384,GPS_external,0,0,44.5,44.5,fix,1749562286000,144,5,1749562288384,2025-06-10 13:31:28.384
1749562288585,GPS_external,0,0,44.5,44.5,fix,1749562286000,144,5,1749562288585,2025-06-10 13:31:28.585
1749562288784,GPS_external,0,0,44.5,44.5,fix,1749562286000,144,5,1749562288784,2025-06-10 13:31:28.784
1749562288985,GPS_external,0,0,44.5,44.5,fix,1749562286000,152,4,1749562288985,2025-06-10 13:31:28.985
1749562289185,GPS_external,0,0,44.5,44.5,fix,1749562287000,152,4,1749562289185,2025-06-10 13:31:29.185
1749562289385,GPS_external,0,0,44.5,44.5,fix,1749562287000,143,3,1749562289385,2025-06-10 13:31:29.385
1749562289585,GPS_external,0,0,44.5,44.5,fix,1749562287000,143,3,1749562289585,2025-06-10 13:31:29.585
1749562289786,GPS_external,0,0,44.5,44.5,fix,1749562287000,143,3,1749562289786,2025-06-10 13:31:29.786
1749562289986,GPS_external,0,0,44.5,44.5,fix,1749562287000,143,3,1749562289986,2025-06-10 13:31:29.986
1749562290186,GPS_external,0,0,44.5,44.5,fix,1749562288000,143,3,1749562290186,2025-06-10 13:31:30.186
1749562290387,GPS_external,0,0,44.5,44.5,fix,1749562288000,143,3,1749562290387,2025-06-10 13:31:30.387
1749562290587,GPS_external,0,0,44.5,44.5,fix,1749562288000,144,5,1749562290587,2025-06-10 13:31:30.587
1749562290787,GPS_external,0,0,44.5,44.5,fix,1749562288000,142,6,1749562290787,2025-06-10 13:31:30.787
1749562290988,GPS_external,0,0,44.5,44.5,fix,1749562288000,142,6,1749562290988,2025-06-10 13:31:30.988
1749562291188,GPS_external,0,0,44.5,44.5,fix,1749562289000,142,6,1749562291188,2025-06-10 13:31:31.188
1749562291388,GPS_external,0,0,44.5,44.5,fix,1749562289000,164,5,1749562291388,2025-06-10 13:31:31.388
1749562291589,GPS_external,0,0,44.5,44.5,fix,1749562289000,164,5,1749562291589,2025-06-10 13:31:31.589
1749562291789,GPS_external,0,0,44.5,44.5,fix,1749562289000,164,5,1749562291789,2025-06-10 13:31:31.789
1749562291990,GPS_external,0,0,44.5,44.5,fix,1749562289000,164,5,1749562291990,2025-06-10 13:31:31.990
1749562292190,GPS_external,0,0,44.5,44.5,fix,1749562290000,164,5,1749562292190,2025-06-10 13:31:32.190
1749562292390,GPS_external,0,0,44.5,44.5,fix,1749562290000,164,5,1749562292390,2025-06-10 13:31:32.390
1749562292590,GPS_external,0,0,44.5,44.5,fix,1749562290000,164,5,1749562292590,2025-06-10 13:31:32.590
1749562292791,GPS_external,0,0,44.5,44.5,fix,1749562290000,164,5,1749562292791,2025-06-10 13:31:32.791
1749562292991,GPS_external,0,0,44.5,44.5,fix,1749562290000,164,5,1749562292991,2025-06-10 13:31:32.991
1749562293192,GPS_external,0,0,44.5,44.5,fix,1749562291000,164,5,1749562293192,2025-06-10 13:31:33.192
1749562293393,GPS_external,0,0,44.5,44.5,fix,1749562291000,164,5,1749562293393,2025-06-10 13:31:33.393
1749562293593,GPS_external,0,0,44.5,44.5,fix,1749562291000,164,5,1749562293593,2025-06-10 13:31:33.593
1749562293793,GPS_external,0,0,44.5,44.5,fix,1749562291000,164,5,1749562293793,2025-06-10 13:31:33.793
1749562293994,GPS_external,0,0,44.5,44.5,fix,1749562291000,164,5,1749562293994,2025-06-10 13:31:33.994
1749562294194,GPS_external,0,0,44.5,44.5,fix,1749562292000,164,5,1749562294194,2025-06-10 13:31:34.194
1749562294394,GPS_external,0,0,44.5,44.5,fix,1749562292000,164,5,1749562294394,2025-06-10 13:31:34.394
1749562294594,GPS_external,0,0,44.5,44.5,fix,1749562292000,164,5,1749562294594,2025-06-10 13:31:34.594
1749562294795,GPS_external,0,0,44.5,44.5,fix,1749562292000,164,5,1749562294795,2025-06-10 13:31:34.795
1749562294995,GPS_external,0,0,44.5,44.5,fix,1749562292000,164,5,1749562294995,2025-06-10 13:31:34.995
1749562295195,GPS_external,0,0,44.5,44.5,fix,1749562293000,164,5,1749562295195,2025-06-10 13:31:35.195
1749562295395,GPS_external,0,0,44.5,44.5,fix,1749562293000,164,5,1749562295395,2025-06-10 13:31:35.395
1749562295596,GPS_external,0,0,44.5,44.5,fix,1749562293000,164,5,1749562295596,2025-06-10 13:31:35.596
1749562295796,GPS_external,0,0,44.5,44.5,fix,1749562293000,164,5,1749562295796,2025-06-10 13:31:35.796
1749562295996,GPS_external,0,0,44.5,44.5,fix,1749562293000,164,5,1749562295996,2025-06-10 13:31:35.996
1749562296196,GPS_external,0,0,44.5,44.5,fix,1749562294000,164,5,1749562296196,2025-06-10 13:31:36.196
1749562296397,GPS_external,0,0,44.5,44.5,fix,1749562294000,164,5,1749562296397,2025-06-10 13:31:36.397
1749562296597,GPS_external,0,0,44.5,44.5,fix,1749562294000,164,5,1749562296597,2025-06-10 13:31:36.597
1749562296797,GPS_external,0,0,44.6,44.6,fix,1749562294000,164,5,1749562296797,2025-06-10 13:31:36.797
1749562296997,GPS_external,0,0,44.6,44.6,fix,1749562294000,164,5,1749562296997,2025-06-10 13:31:36.997
1749562297198,GPS_external,0,0,44.6,44.6,fix,1749562295000,164,5,1749562297198,2025-06-10 13:31:37.198
1749562297398,GPS_external,0,0,44.6,44.6,fix,1749562295000,164,5,1749562297398,2025-06-10 13:31:37.398
1749562297598,GPS_external,0,0,44.6,44.6,fix,1749562295000,164,5,1749562297598,2025-06-10 13:31:37.598
1749562297798,GPS_external,0,0,44.6,44.6,fix,1749562295000,164,5,1749562297798,2025-06-10 13:31:37.798
1749562297999,GPS_external,0,0,44.6,44.6,fix,1749562295000,164,5,1749562297999,2025-06-10 13:31:37.999
1749562298199,GPS_external,0,0,44.6,44.6,fix,1749562296000,164,5,1749562298199,2025-06-10 13:31:38.199
1749562298399,GPS_external,0,0,44.6,44.6,fix,1749562296000,164,5,1749562298399,2025-06-10 13:31:38.399
1749562298599,GPS_external,0,0,44.6,44.6,fix,1749562296000,164,5,1749562298599,2025-06-10 13:31:38.599
1749562298800,GPS_external,0,0,44.6,44.6,fix,1749562296000,164,5,1749562298800,2025-06-10 13:31:38.800
1749562299000,GPS_external,0,0,44.6,44.6,fix,1749562296000,164,5,1749562299000,2025-06-10 13:31:39.000
1749562299200,GPS_external,0,0,44.6,44.6,fix,1749562297000,164,5,1749562299200,2025-06-10 13:31:39.200
1749562299401,GPS_external,0,0,44.6,44.6,fix,1749562297000,164,5,1749562299401,2025-06-10 13:31:39.401
1749562299601,GPS_external,0,0,44.6,44.6,fix,1749562297000,164,5,1749562299601,2025-06-10 13:31:39.601
1749562299801,GPS_external,0,0,44.6,44.6,fix,1749562297000,164,5,1749562299801,2025-06-10 13:31:39.801
1749562300001,GPS_external,0,0,44.6,44.6,fix,1749562297000,164,5,1749562300001,2025-06-10 13:31:40.001
1749562300202,GPS_external,0,0,44.6,44.6,fix,1749562298000,164,5,1749562300202,2025-06-10 13:31:40.202
1749562300402,GPS_external,0,0,44.6,44.6,fix,1749562298000,164,5,1749562300402,2025-06-10 13:31:40.402
1749562300603,GPS_external,0,0,44.6,44.6,fix,1749562298000,164,5,1749562300603,2025-06-10 13:31:40.603
1749562300803,GPS_external,0,0,44.6,44.6,fix,1749562298000,164,5,1749562300803,2025-06-10 13:31:40.803
1749562301003,GPS_external,0,0,44.6,44.6,fix,1749562298000,164,5,1749562301003,2025-06-10 13:31:41.003
1749562301204,GPS_external,0,0,44.6,44.6,fix,1749562299000,164,5,1749562301204,2025-06-10 13:31:41.204
1749562301404,GPS_external,0,0,44.6,44.6,fix,1749562299000,164,5,1749562301404,2025-06-10 13:31:41.404
1749562301604,GPS_external,0,0,44.6,44.6,fix,1749562299000,164,5,1749562301604,2025-06-10 13:31:41.604
1749562301804,GPS_external,0,0,44.6,44.6,fix,1749562299000,164,5,1749562301804,2025-06-10 13:31:41.804
1749562302004,GPS_external,0,0,44.6,44.6,fix,1749562299000,164,5,1749562302004,2025-06-10 13:31:42.004
1749562302205,GPS_external,0,0,44.6,44.6,fix,1749562300000,164,5,1749562302205,2025-06-10 13:31:42.205
1749562302405,GPS_external,0,0,44.6,44.6,fix,1749562300000,164,5,1749562302405,2025-06-10 13:31:42.405
1749562302605,GPS_external,0,0,44.6,44.6,fix,1749562300000,164,5,1749562302605,2025-06-10 13:31:42.605
1749562302806,GPS_external,0,0,44.6,44.6,fix,1749562300000,164,5,1749562302806,2025-06-10 13:31:42.806
1749562303006,GPS_external,0,0,44.6,44.6,fix,1749562300000,164,5,1749562303006,2025-06-10 13:31:43.006
1749562303206,GPS_external,0,0,44.6,44.6,fix,1749562301000,164,5,1749562303206,2025-06-10 13:31:43.206
1749562303406,GPS_external,0,0,44.7,44.7,fix,1749562301000,164,5,1749562303406,2025-06-10 13:31:43.406
1749562303607,GPS_external,0,0,44.7,44.7,fix,1749562301000,164,5,1749562303607,2025-06-10 13:31:43.607
1749562303807,GPS_external,0,0,44.7,44.7,fix,1749562301000,164,5,1749562303807,2025-06-10 13:31:43.807
1749562304007,GPS_external,0,0,44.7,44.7,fix,1749562301000,164,5,1749562304007,2025-06-10 13:31:44.007
1749562304208,GPS_external,0,0,44.7,44.7,fix,1749562302000,164,5,1749562304208,2025-06-10 13:31:44.208
1749562304408,GPS_external,0,0,44.7,44.7,fix,1749562302000,9999,4,1749562304408,2025-06-10 13:31:44.408
1749562304608,GPS_external,0,0,44.7,44.7,fix,1749562302000,9999,4,1749562304608,2025-06-10 13:31:44.608
1749562304809,GPS_external,0,0,44.7,44.7,fix,1749562302000,164,5,1749562304809,2025-06-10 13:31:44.809
1749562305009,GPS_external,0,0,44.7,44.7,fix,1749562302000,9999,4,1749562305009,2025-06-10 13:31:45.009
1749562305213,GPS_external,0,0,44.7,44.7,fix,1749562303000,164,5,1749562305213,2025-06-10 13:31:45.213
1749562305411,GPS_external,0,0,44.7,44.7,fix,1749562303000,5509,4,1749562305411,2025-06-10 13:31:45.411
1749562305610,GPS_external,0,0,44.7,44.7,fix,1749562303000,164,5,1749562305610,2025-06-10 13:31:45.610
1749562305811,GPS_external,0,0,44.7,44.7,fix,1749562303000,5503,4,1749562305811,2025-06-10 13:31:45.811
1749562306011,GPS_external,0,0,44.7,44.7,fix,1749562303000,5501,4,1749562306011,2025-06-10 13:31:46.011
1749562306215,GPS_external,0,0,44.7,44.7,fix,1749562304000,5501,4,1749562306215,2025-06-10 13:31:46.215
1749562306412,GPS_external,0,0,44.7,44.7,fix,1749562304000,5499,4,1749562306412,2025-06-10 13:31:46.412
1749562306612,GPS_external,0,0,44.7,44.7,fix,1749562304000,5497,4,1749562306612,2025-06-10 13:31:46.612
1749562306812,GPS_external,0,0,44.7,44.7,fix,1749562304000,5493,4,1749562306812,2025-06-10 13:31:46.812
1749562307013,GPS_external,0,0,44.7,44.7,fix,1749562304000,5491,4,1749562307013,2025-06-10 13:31:47.013
1749562307217,GPS_external,0,0,44.7,44.7,fix,1749562305000,5491,4,1749562307217,2025-06-10 13:31:47.217
1749562307413,GPS_external,0,0,44.7,44.7,fix,1749562305000,5489,4,1749562307413,2025-06-10 13:31:47.413
1749562307614,GPS_external,0,0,44.7,44.7,fix,1749562305000,5487,4,1749562307614,2025-06-10 13:31:47.614
1749562307814,GPS_external,0,0,44.7,44.7,fix,1749562305000,164,5,1749562307814,2025-06-10 13:31:47.814
1749562308014,GPS_external,0,0,44.6,44.6,fix,1749562305000,164,5,1749562308014,2025-06-10 13:31:48.014
1749562308218,GPS_external,0,0,44.6,44.6,fix,1749562306000,164,5,1749562308218,2025-06-10 13:31:48.218
1749562308415,GPS_external,0,0,44.6,44.6,fix,1749562306000,164,5,1749562308415,2025-06-10 13:31:48.415
1749562308615,GPS_external,0,0,44.6,44.6,fix,1749562306000,164,5,1749562308615,2025-06-10 13:31:48.615
1749562308815,GPS_external,0,0,44.6,44.6,fix,1749562306000,164,5,1749562308815,2025-06-10 13:31:48.815
1749562309015,GPS_external,0,0,44.6,44.6,fix,1749562306000,164,5,1749562309015,2025-06-10 13:31:49.015
1749562309219,GPS_external,0,0,44.6,44.6,fix,1749562307000,164,5,1749562309219,2025-06-10 13:31:49.219
1749562309416,GPS_external,0,0,44.6,44.6,fix,1749562307000,164,5,1749562309416,2025-06-10 13:31:49.416
1749562309616,GPS_external,0,0,44.6,44.6,fix,1749562307000,164,5,1749562309616,2025-06-10 13:31:49.616
1749562309816,GPS_external,0,0,44.6,44.6,fix,1749562307000,9999,4,1749562309816,2025-06-10 13:31:49.816
1749562310017,GPS_external,0,0,44.6,44.6,fix,1749562307000,9999,4,1749562310017,2025-06-10 13:31:50.017
1749562310220,GPS_external,0,0,44.6,44.6,fix,1749562308000,9999,4,1749562310220,2025-06-10 13:31:50.220
1749562310417,GPS_external,0,0,44.6,44.6,fix,1749562308000,9999,4,1749562310417,2025-06-10 13:31:50.417
1749562310617,GPS_external,0,0,44.6,44.6,fix,1749562308000,9999,4,1749562310617,2025-06-10 13:31:50.617
1749562310818,GPS_external,0,0,44.6,44.6,fix,1749562308000,9999,4,1749562310818,2025-06-10 13:31:50.818
1749562311018,GPS_external,0,0,44.6,44.6,fix,1749562308000,9999,4,1749562311018,2025-06-10 13:31:51.018
1749562311221,GPS_external,0,0,44.6,44.6,fix,1749562309000,9999,4,1749562311221,2025-06-10 13:31:51.221
1749562311418,GPS_external,0,0,44.6,44.6,fix,1749562309000,9999,4,1749562311418,2025-06-10 13:31:51.418
1749562311618,GPS_external,0,0,44.6,44.6,fix,1749562309000,9999,4,1749562311618,2025-06-10 13:31:51.618
1749562311819,GPS_external,0,0,44.6,44.6,fix,1749562309000,9999,4,1749562311819,2025-06-10 13:31:51.819
1749562312020,GPS_external,0,0,44.6,44.6,fix,1749562309000,9999,4,1749562312020,2025-06-10 13:31:52.020
1749562312223,GPS_external,0,0,44.6,44.6,fix,1749562310000,9999,4,1749562312223,2025-06-10 13:31:52.223
1749562312419,GPS_external,0,0,44.6,44.6,fix,1749562310000,9999,4,1749562312419,2025-06-10 13:31:52.419
1749562312620,GPS_external,0,0,44.6,44.6,fix,1749562310000,9999,4,1749562312620,2025-06-10 13:31:52.620
1749562312820,GPS_external,0,0,44.6,44.6,fix,1749562310000,9999,4,1749562312820,2025-06-10 13:31:52.820
1749562313020,GPS_external,0,0,44.6,44.6,fix,1749562310000,3781,3,1749562313020,2025-06-10 13:31:53.020
1749562313224,GPS_external,0,0,44.6,44.6,fix,1749562311000,3780,3,1749562313224,2025-06-10 13:31:53.224
1749562313421,GPS_external,0,0,44.6,44.6,fix,1749562311000,3779,3,1749562313421,2025-06-10 13:31:53.421
1749562313621,GPS_external,0,0,44.6,44.6,fix,1749562311000,5428,4,1749562313621,2025-06-10 13:31:53.621
1749562313821,GPS_external,0,0,44.6,44.6,fix,1749562311000,5426,4,1749562313821,2025-06-10 13:31:53.821
1749562314021,GPS_external,0,0,44.6,44.6,fix,1749562311000,5424,4,1749562314021,2025-06-10 13:31:54.021
1749562314225,GPS_external,0,0,44.6,44.6,fix,1749562312000,5422,4,1749562314225,2025-06-10 13:31:54.225
1749562314423,GPS_external,0,0,44.6,44.6,fix,1749562312000,5420,4,1749562314423,2025-06-10 13:31:54.423
1749562314622,GPS_external,0,0,44.6,44.6,fix,1749562312000,5418,4,1749562314622,2025-06-10 13:31:54.622
1749562314823,GPS_external,0,0,44.6,44.6,fix,1749562312000,5416,4,1749562314823,2025-06-10 13:31:54.823
1749562315024,GPS_external,0,0,44.6,44.6,fix,1749562312000,5414,4,1749562315024,2025-06-10 13:31:55.024
1749562315227,GPS_external,0,0,44.6,44.6,fix,1749562313000,5412,4,1749562315227,2025-06-10 13:31:55.227
1749562315424,GPS_external,0,0,44.6,44.6,fix,1749562313000,5410,4,1749562315424,2025-06-10 13:31:55.424
1749562315624,GPS_external,0,0,44.6,44.6,fix,1749562313000,5408,4,1749562315624,2025-06-10 13:31:55.624
1749562315824,GPS_external,0,0,44.6,44.6,fix,1749562313000,5404,4,1749562315824,2025-06-10 13:31:55.824
1749562316026,GPS_external,0,0,44.6,44.6,fix,1749562313000,5404,4,1749562316026,2025-06-10 13:31:56.026
1749562316229,GPS_external,0,0,44.6,44.6,fix,1749562314000,5402,4,1749562316229,2025-06-10 13:31:56.229
1749562316426,GPS_external,0,0,44.6,44.6,fix,1749562314000,5400,4,1749562316426,2025-06-10 13:31:56.426
1749562316626,GPS_external,0,0,44.6,44.6,fix,1749562314000,5398,4,1749562316626,2025-06-10 13:31:56.626
1749562316827,GPS_external,0,0,44.6,44.6,fix,1749562314000,5397,4,1749562316827,2025-06-10 13:31:56.827
1749562317027,GPS_external,0,0,44.6,44.6,fix,1749562314000,5395,4,1749562317027,2025-06-10 13:31:57.027
1749562317231,GPS_external,0,0,44.6,44.6,fix,1749562315000,5393,4,1749562317231,2025-06-10 13:31:57.231
1749562317428,GPS_external,0,0,44.6,44.6,fix,1749562315000,5391,4,1749562317428,2025-06-10 13:31:57.428
1749562317628,GPS_external,0,0,44.6,44.6,fix,1749562315000,5389,4,1749562317628,2025-06-10 13:31:57.628
1749562317828,GPS_external,0,0,44.5,44.5,fix,1749562315000,5387,4,1749562317828,2025-06-10 13:31:57.828
1749562318029,GPS_external,0,0,44.5,44.5,fix,1749562315000,5385,4,1749562318029,2025-06-10 13:31:58.029
1749562318231,GPS_external,0,0,44.5,44.5,fix,1749562316000,5383,4,1749562318231,2025-06-10 13:31:58.231
1749562318430,GPS_external,0,0,44.5,44.5,fix,1749562316000,5379,4,1749562318430,2025-06-10 13:31:58.430
1749562318630,GPS_external,0,0,44.5,44.5,fix,1749562316000,5379,4,1749562318630,2025-06-10 13:31:58.630
1749562318831,GPS_external,0,0,44.5,44.5,fix,1749562316000,5377,4,1749562318831,2025-06-10 13:31:58.831
1749562319031,GPS_external,0,0,44.5,44.5,fix,1749562316000,5375,4,1749562319031,2025-06-10 13:31:59.031
1749562319232,GPS_external,0,0,44.5,44.5,fix,1749562317000,5373,4,1749562319232,2025-06-10 13:31:59.232
1749562319431,GPS_external,0,0,44.5,44.5,fix,1749562317000,5371,4,1749562319431,2025-06-10 13:31:59.431
1749562319632,GPS_external,0,0,44.5,44.5,fix,1749562317000,5370,4,1749562319632,2025-06-10 13:31:59.632
1749562319833,GPS_external,0,0,44.5,44.5,fix,1749562317000,5368,4,1749562319833,2025-06-10 13:31:59.833
1749562320032,GPS_external,0,0,44.5,44.5,fix,1749562317000,5366,4,1749562320032,2025-06-10 13:32:00.032
1749562320233,GPS_external,0,0,44.5,44.5,fix,1749562318000,5364,4,1749562320233,2025-06-10 13:32:00.233
1749562320433,GPS_external,0,0,44.5,44.5,fix,1749562318000,5362,4,1749562320433,2025-06-10 13:32:00.433
1749562320633,GPS_external,0,0,44.5,44.5,fix,1749562318000,3739,3,1749562320633,2025-06-10 13:32:00.633
1749562320834,GPS_external,0,0,44.5,44.5,fix,1749562318000,3738,3,1749562320834,2025-06-10 13:32:00.834
1749562321034,GPS_external,0,0,44.5,44.5,fix,1749562318000,3736,3,1749562321034,2025-06-10 13:32:01.034
1749562321234,GPS_external,0,0,44.5,44.5,fix,1749562319000,3736,3,1749562321234,2025-06-10 13:32:01.234
1749562321434,GPS_external,0,0,44.5,44.5,fix,1749562319000,3735,3,1749562321434,2025-06-10 13:32:01.434
1749562321635,GPS_external,0,0,44.5,44.5,fix,1749562319000,9999,4,1749562321635,2025-06-10 13:32:01.635
1749562321835,GPS_external,0,0,44.5,44.5,fix,1749562319000,9999,4,1749562321835,2025-06-10 13:32:01.835
1749562322035,GPS_external,0,0,44.5,44.5,fix,1749562319000,9999,4,1749562322035,2025-06-10 13:32:02.035
1749562322235,GPS_external,0,0,44.5,44.5,fix,1749562320000,9999,4,1749562322235,2025-06-10 13:32:02.235
1749562322436,GPS_external,0,0,44.5,44.5,fix,1749562320000,9999,4,1749562322436,2025-06-10 13:32:02.436
1749562322637,GPS_external,0,0,44.5,44.5,fix,1749562320000,9999,4,1749562322637,2025-06-10 13:32:02.637
1749562322837,GPS_external,0,0,44.5,44.5,fix,1749562320000,9999,4,1749562322837,2025-06-10 13:32:02.837
1749562323037,GPS_external,0,0,44.5,44.5,fix,1749562320000,3726,3,1749562323037,2025-06-10 13:32:03.037
1749562323237,GPS_external,0,0,44.5,44.5,fix,1749562321000,9999,4,1749562323237,2025-06-10 13:32:03.237
1749562323437,GPS_external,0,0,44.5,44.5,fix,1749562321000,9999,4,1749562323437,2025-06-10 13:32:03.437
1749562323637,GPS_external,0,0,44.5,44.5,fix,1749562321000,5331,4,1749562323637,2025-06-10 13:32:03.637
1749562323837,GPS_external,0,0,44.5,44.5,fix,1749562321000,5329,4,1749562323837,2025-06-10 13:32:03.837
1749562324038,GPS_external,0,0,44.5,44.5,fix,1749562321000,164,5,1749562324038,2025-06-10 13:32:04.038
1749562324238,GPS_external,0,0,44.5,44.5,fix,1749562322000,164,5,1749562324238,2025-06-10 13:32:04.238
1749562324438,GPS_external,0,0,44.5,44.5,fix,1749562322000,5324,4,1749562324438,2025-06-10 13:32:04.438
1749562324639,GPS_external,0,0,44.5,44.5,fix,1749562322000,164,5,1749562324639,2025-06-10 13:32:04.639
1749562324839,GPS_external,0,0,44.5,44.5,fix,1749562322000,164,5,1749562324839,2025-06-10 13:32:04.839
1749562325039,GPS_external,0,0,44.5,44.5,fix,1749562322000,9999,4,1749562325039,2025-06-10 13:32:05.039
1749562325239,GPS_external,0,0,44.5,44.5,fix,1749562323000,164,5,1749562325239,2025-06-10 13:32:05.239
1749562325439,GPS_external,0,0,44.5,44.5,fix,1749562323000,164,5,1749562325439,2025-06-10 13:32:05.439
1749562325640,GPS_external,0,0,44.5,44.5,fix,1749562323000,164,5,1749562325640,2025-06-10 13:32:05.640
1749562325840,GPS_external,0,0,44.5,44.5,fix,1749562323000,164,5,1749562325840,2025-06-10 13:32:05.840
1749562326040,GPS_external,0,0,44.5,44.5,fix,1749562323000,164,5,1749562326040,2025-06-10 13:32:06.040
1749562326240,GPS_external,0,0,44.5,44.5,fix,1749562324000,9999,4,1749562326240,2025-06-10 13:32:06.240
1749562326441,GPS_external,0,0,44.5,44.5,fix,1749562324000,9999,4,1749562326441,2025-06-10 13:32:06.441
1749562326641,GPS_external,0,0,44.5,44.5,fix,1749562324000,5303,4,1749562326641,2025-06-10 13:32:06.641
1749562326841,GPS_external,0,0,44.5,44.5,fix,1749562324000,164,5,1749562326841,2025-06-10 13:32:06.841
1749562327042,GPS_external,0,0,44.6,44.6,fix,1749562324000,164,5,1749562327042,2025-06-10 13:32:07.042
1749562327242,GPS_external,0,0,44.6,44.6,fix,1749562325000,9999,4,1749562327242,2025-06-10 13:32:07.242
1749562327442,GPS_external,0,0,44.6,44.6,fix,1749562325000,9999,4,1749562327442,2025-06-10 13:32:07.442
1749562327643,GPS_external,0,0,44.6,44.6,fix,1749562325000,3702,3,1749562327643,2025-06-10 13:32:07.643
1749562327843,GPS_external,0,0,44.6,44.6,fix,1749562325000,5292,4,1749562327843,2025-06-10 13:32:07.843
1749562328043,GPS_external,0,0,44.6,44.6,fix,1749562325000,5290,4,1749562328043,2025-06-10 13:32:08.043
1749562328244,GPS_external,0,0,44.6,44.6,fix,1749562326000,5288,4,1749562328244,2025-06-10 13:32:08.244
1749562328444,GPS_external,0,0,44.6,44.6,fix,1749562326000,5286,4,1749562328444,2025-06-10 13:32:08.444
1749562328644,GPS_external,0,0,44.6,44.6,fix,1749562326000,5284,4,1749562328644,2025-06-10 13:32:08.644
1749562328845,GPS_external,0,0,44.6,44.6,fix,1749562326000,5282,4,1749562328845,2025-06-10 13:32:08.845
1749562329045,GPS_external,0,0,44.6,44.6,fix,1749562326000,5280,4,1749562329045,2025-06-10 13:32:09.045
1749562329245,GPS_external,0,0,44.6,44.6,fix,1749562327000,164,5,1749562329245,2025-06-10 13:32:09.245
1749562329445,GPS_external,0,0,44.6,44.6,fix,1749562327000,164,5,1749562329445,2025-06-10 13:32:09.445
1749562329645,GPS_external,0,0,44.6,44.6,fix,1749562327000,5275,4,1749562329645,2025-06-10 13:32:09.645
1749562329846,GPS_external,0,0,44.6,44.6,fix,1749562327000,3690,3,1749562329846,2025-06-10 13:32:09.846
1749562330046,GPS_external,0,0,44.6,44.6,fix,1749562327000,5271,4,1749562330046,2025-06-10 13:32:10.046
1749562330246,GPS_external,0,0,44.6,44.6,fix,1749562328000,5269,4,1749562330246,2025-06-10 13:32:10.246
1749562330447,GPS_external,0,0,44.6,44.6,fix,1749562328000,5267,4,1749562330447,2025-06-10 13:32:10.447
1749562330647,GPS_external,0,0,44.6,44.6,fix,1749562328000,3686,3,1749562330647,2025-06-10 13:32:10.647
1749562330847,GPS_external,0,0,44.6,44.6,fix,1749562328000,3685,3,1749562330847,2025-06-10 13:32:10.847
1749562331048,GPS_external,0,0,44.6,44.6,fix,1749562328000,3684,3,1749562331048,2025-06-10 13:32:11.048
1749562331250,GPS_external,0,0,44.6,44.6,fix,1749562329000,3682,3,1749562331250,2025-06-10 13:32:11.250
1749562331448,GPS_external,0,0,44.6,44.6,fix,1749562329000,3681,3,1749562331448,2025-06-10 13:32:11.448
1749562331649,GPS_external,0,0,44.6,44.6,fix,1749562329000,3680,3,1749562331649,2025-06-10 13:32:11.649
1749562331849,GPS_external,0,0,44.6,44.6,fix,1749562329000,3679,3,1749562331849,2025-06-10 13:32:11.849
1749562332050,GPS_external,0,0,44.6,44.6,fix,1749562329000,3678,3,1749562332050,2025-06-10 13:32:12.050
1749562332250,GPS_external,0,0,44.6,44.6,fix,1749562330000,3677,3,1749562332250,2025-06-10 13:32:12.250
1749562332450,GPS_external,0,0,44.6,44.6,fix,1749562330000,3676,3,1749562332450,2025-06-10 13:32:12.450
1749562332650,GPS_external,0,0,44.6,44.6,fix,1749562330000,3675,3,1749562332650,2025-06-10 13:32:12.650
1749562332851,GPS_external,0,0,44.6,44.6,fix,1749562330000,3674,3,1749562332851,2025-06-10 13:32:12.851
1749562333051,GPS_external,0,0,44.6,44.6,fix,1749562330000,3673,3,1749562333051,2025-06-10 13:32:13.051
1749562333251,GPS_external,0,0,44.6,44.6,fix,1749562331000,3672,3,1749562333251,2025-06-10 13:32:13.251
1749562333452,GPS_external,0,0,44.6,44.6,fix,1749562331000,3671,3,1749562333452,2025-06-10 13:32:13.452
1749562333652,GPS_external,0,0,44.6,44.6,fix,1749562331000,3670,3,1749562333652,2025-06-10 13:32:13.652
1749562333853,GPS_external,0,0,44.6,44.6,fix,1749562331000,3669,3,1749562333853,2025-06-10 13:32:13.853
1749562334053,GPS_external,0,0,44.6,44.6,fix,1749562331000,3668,3,1749562334053,2025-06-10 13:32:14.053
1749562334254,GPS_external,0,0,44.6,44.6,fix,1749562332000,3667,3,1749562334254,2025-06-10 13:32:14.254
1749562334454,GPS_external,0,0,44.6,44.6,fix,1749562332000,3666,3,1749562334454,2025-06-10 13:32:14.454
1749562334654,GPS_external,0,0,44.6,44.6,fix,1749562332000,5229,4,1749562334654,2025-06-10 13:32:14.654
1749562334854,GPS_external,0,0,44.6,44.6,fix,1749562332000,3664,3,1749562334854,2025-06-10 13:32:14.854
1749562335054,GPS_external,0,0,44.6,44.6,fix,1749562332000,3662,3,1749562335054,2025-06-10 13:32:15.054
1749562335255,GPS_external,0,0,44.6,44.6,fix,1749562333000,5223,4,1749562335255,2025-06-10 13:32:15.255
1749562335455,GPS_external,0,0,44.6,44.6,fix,1749562333000,5221,4,1749562335455,2025-06-10 13:32:15.455
1749562335655,GPS_external,0,0,44.6,44.6,fix,1749562333000,5219,4,1749562335655,2025-06-10 13:32:15.655
1749562335856,GPS_external,0,0,44.6,44.6,fix,1749562333000,5218,4,1749562335856,2025-06-10 13:32:15.856
1749562336056,GPS_external,0,0,44.6,44.6,fix,1749562333000,5216,4,1749562336056,2025-06-10 13:32:16.056
1749562336256,GPS_external,0,0,44.6,44.6,fix,1749562334000,5214,4,1749562336256,2025-06-10 13:32:16.256
1749562336456,GPS_external,0,0,44.6,44.6,fix,1749562334000,5212,4,1749562336456,2025-06-10 13:32:16.456
1749562336657,GPS_external,0,0,44.6,44.6,fix,1749562334000,5210,4,1749562336657,2025-06-10 13:32:16.657
1749562336857,GPS_external,0,0,44.6,44.6,fix,1749562334000,5208,4,1749562336857,2025-06-10 13:32:16.857
1749562337057,GPS_external,0,0,44.6,44.6,fix,1749562335000,5207,4,1749562337057,2025-06-10 13:32:17.057
1749562337257,GPS_external,0,0,44.6,44.6,fix,1749562335000,5205,4,1749562337257,2025-06-10 13:32:17.257
1749562337457,GPS_external,0,0,44.6,44.6,fix,1749562335000,5203,4,1749562337457,2025-06-10 13:32:17.457
1749562337658,GPS_external,0,0,44.6,44.6,fix,1749562335000,5201,4,1749562337658,2025-06-10 13:32:17.658
1749562337858,GPS_external,0,0,44.6,44.6,fix,1749562335000,5199,4,1749562337858,2025-06-10 13:32:17.858
1749562338058,GPS_external,0,0,44.6,44.6,fix,1749562336000,9999,0,1749562338058,2025-06-10 13:32:18.058
1749562338259,GPS_external,0,0,44.6,44.6,fix,1749562336000,9999,0,1749562338259,2025-06-10 13:32:18.259
1749562338459,GPS_external,0,0,44.6,44.6,fix,1749562336000,5194,4,1749562338459,2025-06-10 13:32:18.459
1749562338659,GPS_external,0,0,44.6,44.6,fix,1749562336000,5192,4,1749562338659,2025-06-10 13:32:18.659
1749562338859,GPS_external,0,0,44.6,44.6,fix,1749562336000,5190,4,1749562338859,2025-06-10 13:32:18.859
1749562339060,GPS_external,0,0,44.6,44.6,fix,1749562337000,9999,0,1749562339060,2025-06-10 13:32:19.060
1749562339260,GPS_external,0,0,44.6,44.6,fix,1749562337000,9999,0,1749562339260,2025-06-10 13:32:19.260
1749562339460,GPS_external,0,0,44.6,44.6,fix,1749562337000,9999,0,1749562339460,2025-06-10 13:32:19.460
1749562339660,GPS_external,0,0,44.6,44.6,fix,1749562337000,9999,0,1749562339660,2025-06-10 13:32:19.660
1749562339860,GPS_external,0,0,44.6,44.6,fix,1749562337000,5181,4,1749562339860,2025-06-10 13:32:19.860
1749562340061,GPS_external,0,0,44.5,44.5,fix,1749562338000,9999,0,1749562340061,2025-06-10 13:32:20.061
1749562340261,GPS_external,0,0,44.5,44.5,fix,1749562338000,9999,0,1749562340261,2025-06-10 13:32:20.261
1749562340461,GPS_external,0,0,44.5,44.5,fix,1749562338000,5176,4,1749562340461,2025-06-10 13:32:20.461
1749562340661,GPS_external,0,0,44.5,44.5,fix,1749562338000,5174,4,1749562340661,2025-06-10 13:32:20.661
1749562340862,GPS_external,0,0,44.5,44.5,fix,1749562338000,5172,4,1749562340862,2025-06-10 13:32:20.862
1749562341062,GPS_external,0,0,44.5,44.5,fix,1749562339000,5170,4,1749562341062,2025-06-10 13:32:21.062
1749562341263,GPS_external,0,0,44.5,44.5,fix,1749562339000,5168,4,1749562341263,2025-06-10 13:32:21.263
1749562341463,GPS_external,0,0,44.5,44.5,fix,1749562339000,5167,4,1749562341463,2025-06-10 13:32:21.463
1749562341664,GPS_external,0,0,44.5,44.5,fix,1749562339000,5165,4,1749562341664,2025-06-10 13:32:21.664
1749562341864,GPS_external,0,0,44.5,44.5,fix,1749562339000,5163,4,1749562341864,2025-06-10 13:32:21.864
1749562342065,GPS_external,0,0,44.5,44.5,fix,1749562340000,5161,4,1749562342065,2025-06-10 13:32:22.065
1749562342265,GPS_external,0,0,44.5,44.5,fix,1749562340000,5159,4,1749562342265,2025-06-10 13:32:22.265
1749562342465,GPS_external,0,0,44.5,44.5,fix,1749562340000,5158,4,1749562342465,2025-06-10 13:32:22.465
1749562342665,GPS_external,0,0,44.4,44.4,fix,1749562340000,558,5,1749562342665,2025-06-10 13:32:22.665
1749562342865,GPS_external,0,0,44.4,44.4,fix,1749562340000,558,5,1749562342865,2025-06-10 13:32:22.865
1749562343065,GPS_external,0,0,44.4,44.4,fix,1749562341000,558,5,1749562343065,2025-06-10 13:32:23.065
1749562343266,GPS_external,0,0,44.4,44.4,fix,1749562341000,558,5,1749562343266,2025-06-10 13:32:23.266
1749562343466,GPS_external,0,0,44.4,44.4,fix,1749562341000,562,4,1749562343466,2025-06-10 13:32:23.466
1749562343666,GPS_external,0,0,44.3,44.3,fix,1749562341000,562,4,1749562343666,2025-06-10 13:32:23.666
1749562343867,GPS_external,0,0,44.3,44.3,fix,1749562341000,562,4,1749562343867,2025-06-10 13:32:23.867
1749562344067,GPS_external,0,0,44.3,44.3,fix,1749562342000,562,4,1749562344067,2025-06-10 13:32:24.067
1749562344267,GPS_external,0,0,44.3,44.3,fix,1749562342000,562,4,1749562344267,2025-06-10 13:32:24.267
1749562344467,GPS_external,0,0,44.2,44.2,fix,1749562342000,562,4,1749562344467,2025-06-10 13:32:24.467
1749562344668,GPS_external,0,0,44.2,44.2,fix,1749562342000,562,4,1749562344668,2025-06-10 13:32:24.668
1749562344868,GPS_external,0,0,44.2,44.2,fix,1749562342000,562,4,1749562344868,2025-06-10 13:32:24.868
1749562345068,GPS_external,0,0,44.2,44.2,fix,1749562343000,562,4,1749562345068,2025-06-10 13:32:25.068
1749562345269,GPS_external,0,0,44.1,44.1,fix,1749562343000,562,4,1749562345269,2025-06-10 13:32:25.269
1749562345469,GPS_external,0,0,44.1,44.1,fix,1749562343000,562,4,1749562345469,2025-06-10 13:32:25.469
1749562345669,GPS_external,0,0,44.1,44.1,fix,1749562343000,562,4,1749562345669,2025-06-10 13:32:25.669
1749562345869,GPS_external,0,0,44.1,44.1,fix,1749562343000,562,4,1749562345869,2025-06-10 13:32:25.869
1749562346070,GPS_external,0,0,44.1,44.1,fix,1749562344000,562,4,1749562346070,2025-06-10 13:32:26.070
1749562346270,GPS_external,0,0,44.0,44.0,fix,1749562344000,562,4,1749562346270,2025-06-10 13:32:26.270
1749562346470,GPS_external,0,0,44.0,44.0,fix,1749562344000,562,4,1749562346470,2025-06-10 13:32:26.470
1749562346670,GPS_external,0,0,44.0,44.0,fix,1749562344000,562,4,1749562346670,2025-06-10 13:32:26.670
1749562346871,GPS_external,0,0,44.0,44.0,fix,1749562344000,562,4,1749562346871,2025-06-10 13:32:26.871
1749562347071,GPS_external,0,0,43.9,43.9,fix,1749562345000,562,4,1749562347071,2025-06-10 13:32:27.071
1749562347271,GPS_external,0,0,43.9,43.9,fix,1749562345000,562,4,1749562347271,2025-06-10 13:32:27.271
1749562347471,GPS_external,0,0,43.9,43.9,fix,1749562345000,562,4,1749562347471,2025-06-10 13:32:27.471
1749562347672,GPS_external,0,0,43.8,43.8,fix,1749562345000,562,4,1749562347672,2025-06-10 13:32:27.672
1749562347872,GPS_external,0,0,43.8,43.8,fix,1749562345000,562,4,1749562347872,2025-06-10 13:32:27.872
1749562348073,GPS_external,0,0,43.8,43.8,fix,1749562346000,3755,3,1749562348073,2025-06-10 13:32:28.073
1749562348273,GPS_external,0,0,43.8,43.8,fix,1749562346000,562,4,1749562348273,2025-06-10 13:32:28.273
1749562348474,GPS_external,0,0,43.8,43.8,fix,1749562346000,3759,3,1749562348474,2025-06-10 13:32:28.474
1749562348674,GPS_external,0,0,43.7,43.7,fix,1749562346000,3760,3,1749562348674,2025-06-10 13:32:28.674
1749562348874,GPS_external,0,0,43.7,43.7,fix,1749562346000,562,4,1749562348874,2025-06-10 13:32:28.874
1749562349074,GPS_external,0,0,43.7,43.7,fix,1749562347000,562,4,1749562349074,2025-06-10 13:32:29.074
1749562349275,GPS_external,0,0,43.7,43.7,fix,1749562347000,562,4,1749562349275,2025-06-10 13:32:29.275
1749562349475,GPS_external,0,0,43.6,43.6,fix,1749562347000,562,4,1749562349475,2025-06-10 13:32:29.475
1749562349675,GPS_external,0,0,43.6,43.6,fix,1749562347000,562,4,1749562349675,2025-06-10 13:32:29.675
1749562349875,GPS_external,0,0,43.6,43.6,fix,1749562347000,318,3,1749562349875,2025-06-10 13:32:29.875
1749562350075,GPS_external,0,0,43.6,43.6,fix,1749562348000,174,4,1749562350075,2025-06-10 13:32:30.075
1749562350276,GPS_external,0,0,43.5,43.5,fix,1749562348000,174,4,1749562350276,2025-06-10 13:32:30.276
1749562350476,GPS_external,0,0,43.5,43.5,fix,1749562348000,318,3,1749562350476,2025-06-10 13:32:30.476
1749562350676,GPS_external,0,0,43.5,43.5,fix,1749562348000,174,4,1749562350676,2025-06-10 13:32:30.676
1749562350877,GPS_external,0,0,43.5,43.5,fix,1749562348000,174,4,1749562350877,2025-06-10 13:32:30.877
1749562351077,GPS_external,0,0,43.5,43.5,fix,1749562349000,318,3,1749562351077,2025-06-10 13:32:31.077
1749562351277,GPS_external,0,0,43.5,43.5,fix,1749562349000,318,3,1749562351277,2025-06-10 13:32:31.277
1749562351477,GPS_external,0,0,43.5,43.5,fix,1749562349000,174,4,1749562351477,2025-06-10 13:32:31.477
1749562351678,GPS_external,0,0,43.4,43.4,fix,1749562349000,174,4,1749562351678,2025-06-10 13:32:31.678
1749562351878,GPS_external,0,0,43.4,43.4,fix,1749562349000,174,4,1749562351878,2025-06-10 13:32:31.878
1749562352078,GPS_external,0,0,43.4,43.4,fix,1749562350000,174,4,1749562352078,2025-06-10 13:32:32.078
1749562352278,GPS_external,0,0,43.4,43.4,fix,1749562350000,318,3,1749562352278,2025-06-10 13:32:32.278
1749562352479,GPS_external,0,0,43.4,43.4,fix,1749562350000,174,4,1749562352479,2025-06-10 13:32:32.479
1749562352679,GPS_external,0,0,43.4,43.4,fix,1749562350000,174,4,1749562352679,2025-06-10 13:32:32.679
1749562352879,GPS_external,0,0,43.3,43.3,fix,1749562350000,174,4,1749562352879,2025-06-10 13:32:32.879
1749562353079,GPS_external,0,0,43.3,43.3,fix,1749562351000,174,4,1749562353079,2025-06-10 13:32:33.079
1749562353280,GPS_external,0,0,43.3,43.3,fix,1749562351000,174,4,1749562353280,2025-06-10 13:32:33.280
1749562353480,GPS_external,0,0,43.3,43.3,fix,1749562351000,174,4,1749562353480,2025-06-10 13:32:33.480
1749562353680,GPS_external,0,0,43.3,43.3,fix,1749562351000,174,4,1749562353680,2025-06-10 13:32:33.680
1749562353880,GPS_external,0,0,43.2,43.2,fix,1749562351000,174,4,1749562353880,2025-06-10 13:32:33.880
1749562354081,GPS_external,0,0,43.2,43.2,fix,1749562352000,174,4,1749562354081,2025-06-10 13:32:34.081
1749562354281,GPS_external,0,0,43.2,43.2,fix,1749562352000,174,4,1749562354281,2025-06-10 13:32:34.281
1749562354481,GPS_external,0,0,43.2,43.2,fix,1749562352000,174,4,1749562354481,2025-06-10 13:32:34.481
1749562354681,GPS_external,0,0,43.2,43.2,fix,1749562352000,174,4,1749562354681,2025-06-10 13:32:34.681
1749562354882,GPS_external,0,0,43.1,43.1,fix,1749562352000,174,4,1749562354882,2025-06-10 13:32:34.882
1749562355082,GPS_external,0,0,43.1,43.1,fix,1749562353000,318,3,1749562355082,2025-06-10 13:32:35.082
1749562355282,GPS_external,0,0,43.1,43.1,fix,1749562353000,174,4,1749562355282,2025-06-10 13:32:35.282
1749562355483,GPS_external,0,0,43.1,43.1,fix,1749562353000,174,4,1749562355483,2025-06-10 13:32:35.483
1749562355683,GPS_external,0,0,43.1,43.1,fix,1749562353000,318,3,1749562355683,2025-06-10 13:32:35.683
1749562355883,GPS_external,0,0,43.1,43.1,fix,1749562353000,318,3,1749562355883,2025-06-10 13:32:35.883
1749562356084,GPS_external,0,0,43.1,43.1,fix,1749562354000,318,3,1749562356084,2025-06-10 13:32:36.084
1749562356284,GPS_external,0,0,43.1,43.1,fix,1749562354000,318,3,1749562356284,2025-06-10 13:32:36.284
1749562356484,GPS_external,0,0,43.1,43.1,fix,1749562354000,318,3,1749562356484,2025-06-10 13:32:36.484
1749562356684,GPS_external,0,0,43.0,43.0,fix,1749562354000,318,3,1749562356684,2025-06-10 13:32:36.684
1749562356885,GPS_external,0,0,43.0,43.0,fix,1749562354000,318,3,1749562356885,2025-06-10 13:32:36.885
1749562357085,GPS_external,0,0,43.0,43.0,fix,1749562355000,318,3,1749562357085,2025-06-10 13:32:37.085
1749562357285,GPS_external,0,0,43.0,43.0,fix,1749562355000,318,3,1749562357285,2025-06-10 13:32:37.285
1749562357485,GPS_external,0,0,43.0,43.0,fix,1749562355000,318,3,1749562357485,2025-06-10 13:32:37.485
1749562357686,GPS_external,0,0,43.0,43.0,fix,1749562355000,318,3,1749562357686,2025-06-10 13:32:37.686
1749562357886,GPS_external,0,0,43.0,43.0,fix,1749562355000,318,3,1749562357886,2025-06-10 13:32:37.886
1749562358086,GPS_external,0,0,43.0,43.0,fix,1749562356000,318,3,1749562358086,2025-06-10 13:32:38.086
1749562358286,GPS_external,0,0,42.9,42.9,fix,1749562356000,318,3,1749562358286,2025-06-10 13:32:38.286
1749562358487,GPS_external,0,0,42.9,42.9,fix,1749562356000,318,3,1749562358487,2025-06-10 13:32:38.487
1749562358687,GPS_external,0,0,42.9,42.9,fix,1749562356000,318,3,1749562358687,2025-06-10 13:32:38.687
1749562358888,GPS_external,0,0,42.9,42.9,fix,1749562356000,318,3,1749562358888,2025-06-10 13:32:38.888
1749562359088,GPS_external,0,0,42.9,42.9,fix,1749562357000,318,3,1749562359088,2025-06-10 13:32:39.088
1749562359288,GPS_external,0,0,42.9,42.9,fix,1749562357000,318,3,1749562359288,2025-06-10 13:32:39.288
1749562359489,GPS_external,0,0,42.9,42.9,fix,1749562357000,318,3,1749562359489,2025-06-10 13:32:39.489
1749562359690,GPS_external,0,0,42.8,42.8,fix,1749562357000,318,3,1749562359690,2025-06-10 13:32:39.690
1749562359890,GPS_external,0,0,42.8,42.8,fix,1749562357000,318,3,1749562359890,2025-06-10 13:32:39.890
1749562360091,GPS_external,0,0,42.8,42.8,fix,1749562358000,318,3,1749562360091,2025-06-10 13:32:40.091
1749562360291,GPS_external,0,0,42.8,42.8,fix,1749562358000,318,3,1749562360291,2025-06-10 13:32:40.291
1749562360491,GPS_external,0,0,42.8,42.8,fix,1749562358000,318,3,1749562360491,2025-06-10 13:32:40.491
1749562360692,GPS_external,0,0,42.8,42.8,fix,1749562358000,318,3,1749562360692,2025-06-10 13:32:40.692
1749562360892,GPS_external,0,0,42.8,42.8,fix,1749562358000,318,3,1749562360892,2025-06-10 13:32:40.892
1749562361092,GPS_external,0,0,42.8,42.8,fix,1749562359000,318,3,1749562361092,2025-06-10 13:32:41.092
1749562361292,GPS_external,0,0,42.8,42.8,fix,1749562359000,318,3,1749562361292,2025-06-10 13:32:41.292
1749562361492,GPS_external,0,0,42.8,42.8,fix,1749562359000,318,3,1749562361492,2025-06-10 13:32:41.492
1749562361693,GPS_external,0,0,42.8,42.8,fix,1749562359000,318,3,1749562361693,2025-06-10 13:32:41.693
1749562361893,GPS_external,0,0,42.8,42.8,fix,1749562359000,318,3,1749562361893,2025-06-10 13:32:41.893
1749562362094,GPS_external,0,0,42.8,42.8,fix,1749562360000,318,3,1749562362094,2025-06-10 13:32:42.094
1749562362294,GPS_external,0,0,42.8,42.8,fix,1749562360000,318,3,1749562362294,2025-06-10 13:32:42.294
1749562362494,GPS_external,0,0,42.7,42.7,fix,1749562360000,319,3,1749562362494,2025-06-10 13:32:42.494
1749562362695,GPS_external,0,0,42.7,42.7,fix,1749562360000,319,3,1749562362695,2025-06-10 13:32:42.695
1749562362895,GPS_external,0,0,42.7,42.7,fix,1749562360000,319,3,1749562362895,2025-06-10 13:32:42.895
1749562363095,GPS_external,0,0,42.7,42.7,fix,1749562361000,563,4,1749562363095,2025-06-10 13:32:43.095
1749562363295,GPS_external,0,0,42.7,42.7,fix,1749562361000,563,4,1749562363295,2025-06-10 13:32:43.295
1749562363496,GPS_external,0,0,42.7,42.7,fix,1749562361000,563,4,1749562363496,2025-06-10 13:32:43.496
1749562363696,GPS_external,0,0,42.7,42.7,fix,1749562361000,563,4,1749562363696,2025-06-10 13:32:43.696
1749562363896,GPS_external,0,0,42.6,42.6,fix,1749562361000,563,4,1749562363896,2025-06-10 13:32:43.896
1749562364096,GPS_external,0,0,42.6,42.6,fix,1749562362000,319,3,1749562364096,2025-06-10 13:32:44.096
1749562364297,GPS_external,0,0,42.6,42.6,fix,1749562362000,9999,0,1749562364297,2025-06-10 13:32:44.297
1749562364497,GPS_external,0,0,42.6,42.6,fix,1749562362000,9999,0,1749562364497,2025-06-10 13:32:44.497
1749562364697,GPS_external,0,0,42.6,42.6,fix,1749562362000,9999,0,1749562364697,2025-06-10 13:32:44.697
1749562364897,GPS_external,0,0,42.6,42.6,fix,1749562362000,9999,0,1749562364897,2025-06-10 13:32:44.897
1749562365098,GPS_external,0,0,42.6,42.6,fix,1749562363000,9999,0,1749562365098,2025-06-10 13:32:45.098
1749562365298,GPS_external,0,0,42.6,42.6,fix,1749562363000,9999,0,1749562365298,2025-06-10 13:32:45.298
1749562365498,GPS_external,0,0,42.6,42.6,fix,1749562363000,9999,0,1749562365498,2025-06-10 13:32:45.498
1749562365698,GPS_external,0,0,42.6,42.6,fix,1749562363000,9999,0,1749562365698,2025-06-10 13:32:45.698
1749562365899,GPS_external,0,0,42.6,42.6,fix,1749562363000,9999,0,1749562365899,2025-06-10 13:32:45.899
1749562366099,GPS_external,0,0,42.6,42.6,fix,1749562364000,9999,0,1749562366099,2025-06-10 13:32:46.099
1749562366299,GPS_external,0,0,42.6,42.6,fix,1749562364000,9999,0,1749562366299,2025-06-10 13:32:46.299
1749562366499,GPS_external,0,0,42.6,42.6,fix,1749562364000,9999,0,1749562366499,2025-06-10 13:32:46.499
1749562366700,GPS_external,0,0,42.6,42.6,fix,1749562364000,9999,0,1749562366700,2025-06-10 13:32:46.700
1749562366900,GPS_external,0,0,42.6,42.6,fix,1749562364000,9999,0,1749562366900,2025-06-10 13:32:46.900
1749562367100,GPS_external,0,0,42.6,42.6,fix,1749562365000,9999,0,1749562367100,2025-06-10 13:32:47.100
1749562367300,GPS_external,0,0,42.6,42.6,fix,1749562365000,9999,0,1749562367300,2025-06-10 13:32:47.300
1749562367501,GPS_external,0,0,42.6,42.6,fix,1749562365000,9999,0,1749562367501,2025-06-10 13:32:47.501
1749562367701,GPS_external,0,0,42.6,42.6,fix,1749562365000,9999,0,1749562367701,2025-06-10 13:32:47.701
1749562367902,GPS_external,0,0,42.6,42.6,fix,1749562365000,9999,0,1749562367902,2025-06-10 13:32:47.902
1749562368101,GPS_external,0,0,42.6,42.6,fix,1749562366000,9999,0,1749562368101,2025-06-10 13:32:48.101
1749562368301,GPS_external,0,0,42.6,42.6,fix,1749562366000,9999,0,1749562368301,2025-06-10 13:32:48.301
1749562368502,GPS_external,0,0,42.6,42.6,fix,1749562366000,9999,0,1749562368502,2025-06-10 13:32:48.502
1749562368702,GPS_external,0,0,42.6,42.6,fix,1749562366000,9999,0,1749562368702,2025-06-10 13:32:48.702
1749562368902,GPS_external,0,0,42.6,42.6,fix,1749562366000,9999,0,1749562368902,2025-06-10 13:32:48.902
1749562369103,GPS_external,0,0,42.6,42.6,fix,1749562367000,9999,0,1749562369103,2025-06-10 13:32:49.103
1749562369303,GPS_external,0,0,42.6,42.6,fix,1749562367000,9999,0,1749562369303,2025-06-10 13:32:49.303
1749562369504,GPS_external,0,0,42.6,42.6,fix,1749562367000,9999,0,1749562369504,2025-06-10 13:32:49.504
1749562369704,GPS_external,0,0,42.6,42.6,fix,1749562367000,9999,0,1749562369704,2025-06-10 13:32:49.704
1749562369904,GPS_external,0,0,42.6,42.6,fix,1749562367000,9999,0,1749562369904,2025-06-10 13:32:49.904
1749562370104,GPS_external,0,0,42.6,42.6,fix,1749562368000,9999,0,1749562370104,2025-06-10 13:32:50.104
1749562370305,GPS_external,0,0,42.6,42.6,fix,1749562368000,9999,0,1749562370305,2025-06-10 13:32:50.305
1749562370505,GPS_external,0,0,42.6,42.6,fix,1749562368000,9999,0,1749562370505,2025-06-10 13:32:50.505
1749562370705,GPS_external,0,0,42.6,42.6,fix,1749562368000,9999,0,1749562370705,2025-06-10 13:32:50.705
1749562370906,GPS_external,0,0,42.6,42.6,fix,1749562368000,9999,0,1749562370906,2025-06-10 13:32:50.906
1749562371106,GPS_external,0,0,42.6,42.6,fix,1749562369000,9999,0,1749562371106,2025-06-10 13:32:51.106
1749562371306,GPS_external,0,0,42.6,42.6,fix,1749562369000,563,4,1749562371306,2025-06-10 13:32:51.306
1749562371506,GPS_external,0,0,42.6,42.6,fix,1749562369000,563,4,1749562371506,2025-06-10 13:32:51.506
1749562371707,GPS_external,0,0,42.6,42.6,fix,1749562369000,9999,0,1749562371707,2025-06-10 13:32:51.707
1749562371907,GPS_external,0,0,42.6,42.6,fix,1749562369000,9999,0,1749562371907,2025-06-10 13:32:51.907
1749562372107,GPS_external,0,0,42.6,42.6,fix,1749562370000,9999,0,1749562372107,2025-06-10 13:32:52.107
1749562372307,GPS_external,0,0,42.6,42.6,fix,1749562370000,9999,0,1749562372307,2025-06-10 13:32:52.307
1749562372508,GPS_external,0,0,42.6,42.6,fix,1749562370000,9999,0,1749562372508,2025-06-10 13:32:52.508
1749562372708,GPS_external,0,0,42.6,42.6,fix,1749562370000,9999,0,1749562372708,2025-06-10 13:32:52.708
1749562372909,GPS_external,0,0,42.6,42.6,fix,1749562370000,563,4,1749562372909,2025-06-10 13:32:52.909
1749562373109,GPS_external,0,0,42.6,42.6,fix,1749562371000,563,4,1749562373109,2025-06-10 13:32:53.109
1749562373309,GPS_external,0,0,42.6,42.6,fix,1749562371000,563,4,1749562373309,2025-06-10 13:32:53.309
1749562373509,GPS_external,0,0,42.5,42.5,fix,1749562371000,563,4,1749562373509,2025-06-10 13:32:53.509
1749562373710,GPS_external,0,0,42.5,42.5,fix,1749562371000,563,4,1749562373710,2025-06-10 13:32:53.710
1749562373910,GPS_external,0,0,42.5,42.5,fix,1749562371000,563,4,1749562373910,2025-06-10 13:32:53.910
1749562374110,GPS_external,0,0,42.5,42.5,fix,1749562372000,564,4,1749562374110,2025-06-10 13:32:54.110
1749562374311,GPS_external,0,0,42.5,42.5,fix,1749562372000,564,4,1749562374311,2025-06-10 13:32:54.311
1749562374511,GPS_external,0,0,42.5,42.5,fix,1749562372000,564,4,1749562374511,2025-06-10 13:32:54.511
1749562374711,GPS_external,0,0,42.5,42.5,fix,1749562372000,564,4,1749562374711,2025-06-10 13:32:54.711
1749562374911,GPS_external,0,0,42.5,42.5,fix,1749562372000,564,4,1749562374911,2025-06-10 13:32:54.911
1749562375112,GPS_external,0,0,42.5,42.5,fix,1749562373000,564,4,1749562375112,2025-06-10 13:32:55.112
1749562375312,GPS_external,0,0,42.5,42.5,fix,1749562373000,564,4,1749562375312,2025-06-10 13:32:55.312
1749562375512,GPS_external,0,0,42.4,42.4,fix,1749562373000,564,4,1749562375512,2025-06-10 13:32:55.512
1749562375713,GPS_external,0,0,42.4,42.4,fix,1749562373000,564,4,1749562375713,2025-06-10 13:32:55.713
1749562375913,GPS_external,0,0,42.4,42.4,fix,1749562373000,564,4,1749562375913,2025-06-10 13:32:55.913
1749562376114,GPS_external,0,0,42.4,42.4,fix,1749562374000,564,4,1749562376114,2025-06-10 13:32:56.114
1749562376314,GPS_external,0,0,42.4,42.4,fix,1749562374000,564,4,1749562376314,2025-06-10 13:32:56.314
1749562376514,GPS_external,0,0,42.4,42.4,fix,1749562374000,564,4,1749562376514,2025-06-10 13:32:56.514
1749562376715,GPS_external,0,0,42.4,42.4,fix,1749562374000,9999,0,1749562376715,2025-06-10 13:32:56.715
1749562376915,GPS_external,0,0,42.4,42.4,fix,1749562374000,9999,0,1749562376915,2025-06-10 13:32:56.915
1749562377115,GPS_external,0,0,42.4,42.4,fix,1749562375000,9999,0,1749562377115,2025-06-10 13:32:57.115
1749562377315,GPS_external,0,0,42.4,42.4,fix,1749562375000,564,4,1749562377315,2025-06-10 13:32:57.315
1749562377516,GPS_external,0,0,42.4,42.4,fix,1749562375000,9999,0,1749562377516,2025-06-10 13:32:57.516
1749562377716,GPS_external,0,0,42.4,42.4,fix,1749562375000,9999,0,1749562377716,2025-06-10 13:32:57.716
1749562377916,GPS_external,0,0,42.4,42.4,fix,1749562375000,9999,0,1749562377916,2025-06-10 13:32:57.916
1749562378116,GPS_external,0,0,42.4,42.4,fix,1749562376000,9999,0,1749562378116,2025-06-10 13:32:58.116
1749562378317,GPS_external,0,0,42.4,42.4,fix,1749562376000,9999,0,1749562378317,2025-06-10 13:32:58.317
1749562378517,GPS_external,0,0,42.4,42.4,fix,1749562376000,9999,0,1749562378517,2025-06-10 13:32:58.517
1749562378717,GPS_external,0,0,42.4,42.4,fix,1749562376000,9999,0,1749562378717,2025-06-10 13:32:58.717
1749562378917,GPS_external,0,0,42.4,42.4,fix,1749562376000,9999,0,1749562378917,2025-06-10 13:32:58.917
1749562379118,GPS_external,0,0,42.4,42.4,fix,1749562377000,9999,0,1749562379118,2025-06-10 13:32:59.118
1749562379318,GPS_external,0,0,42.4,42.4,fix,1749562377000,9999,0,1749562379318,2025-06-10 13:32:59.318
1749562379518,GPS_external,0,0,42.4,42.4,fix,1749562377000,9999,0,1749562379518,2025-06-10 13:32:59.518
1749562379718,GPS_external,0,0,42.4,42.4,fix,1749562377000,9999,0,1749562379718,2025-06-10 13:32:59.718
1749562379919,GPS_external,0,0,42.4,42.4,fix,1749562377000,9999,0,1749562379919,2025-06-10 13:32:59.919
1749562380119,GPS_external,0,0,42.3,42.3,fix,1749562378000,564,4,1749562380119,2025-06-10 13:33:00.119
1749562380319,GPS_external,0,0,42.3,42.3,fix,1749562378000,564,4,1749562380319,2025-06-10 13:33:00.319
1749562380519,GPS_external,0,0,42.3,42.3,fix,1749562378000,564,4,1749562380519,2025-06-10 13:33:00.519
1749562380719,GPS_external,0,0,42.3,42.3,fix,1749562378000,564,4,1749562380719,2025-06-10 13:33:00.719
1749562380920,GPS_external,0,0,42.3,42.3,fix,1749562378000,564,4,1749562380920,2025-06-10 13:33:00.920
1749562381120,GPS_external,0,0,42.3,42.3,fix,1749562379000,564,4,1749562381120,2025-06-10 13:33:01.120
1749562381320,GPS_external,0,0,42.3,42.3,fix,1749562379000,564,4,1749562381320,2025-06-10 13:33:01.320
1749562381521,GPS_external,0,0,42.3,42.3,fix,1749562379000,564,4,1749562381521,2025-06-10 13:33:01.521
1749562381721,GPS_external,0,0,42.2,42.2,fix,1749562379000,564,4,1749562381721,2025-06-10 13:33:01.721
1749562381921,GPS_external,0,0,42.2,42.2,fix,1749562379000,564,4,1749562381921,2025-06-10 13:33:01.921
1749562382121,GPS_external,0,0,42.2,42.2,fix,1749562380000,564,4,1749562382121,2025-06-10 13:33:02.121
1749562382321,GPS_external,0,0,42.2,42.2,fix,1749562380000,564,4,1749562382321,2025-06-10 13:33:02.321
1749562382522,GPS_external,0,0,42.2,42.2,fix,1749562380000,564,4,1749562382522,2025-06-10 13:33:02.522
1749562382722,GPS_external,0,0,42.2,42.2,fix,1749562380000,564,4,1749562382722,2025-06-10 13:33:02.722
1749562382922,GPS_external,0,0,42.2,42.2,fix,1749562380000,564,4,1749562382922,2025-06-10 13:33:02.922
1749562383122,GPS_external,0,0,42.1,42.1,fix,1749562381000,564,4,1749562383122,2025-06-10 13:33:03.122
1749562383323,GPS_external,0,0,42.1,42.1,fix,1749562381000,564,4,1749562383323,2025-06-10 13:33:03.323
1749562383523,GPS_external,0,0,42.1,42.1,fix,1749562381000,564,4,1749562383523,2025-06-10 13:33:03.523
1749562383723,GPS_external,0,0,42.1,42.1,fix,1749562381000,564,4,1749562383723,2025-06-10 13:33:03.723
1749562383924,GPS_external,0,0,42.1,42.1,fix,1749562381000,564,4,1749562383924,2025-06-10 13:33:03.924
1749562384124,GPS_external,0,0,42.1,42.1,fix,1749562382000,564,4,1749562384124,2025-06-10 13:33:04.124
1749562384324,GPS_external,0,0,42.1,42.1,fix,1749562382000,564,4,1749562384324,2025-06-10 13:33:04.324
1749562384525,GPS_external,0,0,42.0,42.0,fix,1749562382000,564,4,1749562384525,2025-06-10 13:33:04.525
1749562384725,GPS_external,0,0,42.0,42.0,fix,1749562382000,564,4,1749562384725,2025-06-10 13:33:04.725
1749562384925,GPS_external,0,0,42.0,42.0,fix,1749562382000,564,4,1749562384925,2025-06-10 13:33:04.925
1749562385125,GPS_external,0,0,42.0,42.0,fix,1749562383000,564,4,1749562385125,2025-06-10 13:33:05.125
1749562385326,GPS_external,0,0,42.0,42.0,fix,1749562383000,564,4,1749562385326,2025-06-10 13:33:05.326
1749562385526,GPS_external,0,0,42.0,42.0,fix,1749562383000,564,4,1749562385526,2025-06-10 13:33:05.526
1749562385726,GPS_external,0,0,42.0,42.0,fix,1749562383000,564,4,1749562385726,2025-06-10 13:33:05.726
1749562385928,GPS_external,0,0,41.9,41.9,fix,1749562383000,564,4,1749562385928,2025-06-10 13:33:05.928
1749562386127,GPS_external,0,0,41.9,41.9,fix,1749562384000,564,4,1749562386127,2025-06-10 13:33:06.127
1749562386327,GPS_external,0,0,41.9,41.9,fix,1749562384000,564,4,1749562386327,2025-06-10 13:33:06.327
1749562386528,GPS_external,0,0,41.9,41.9,fix,1749562384000,564,4,1749562386528,2025-06-10 13:33:06.528
1749562386728,GPS_external,0,0,41.9,41.9,fix,1749562384000,564,4,1749562386728,2025-06-10 13:33:06.728
1749562386929,GPS_external,0,0,41.9,41.9,fix,1749562384000,564,4,1749562386929,2025-06-10 13:33:06.929
1749562387129,GPS_external,0,0,41.9,41.9,fix,1749562385000,564,4,1749562387129,2025-06-10 13:33:07.129
1749562387329,GPS_external,0,0,41.9,41.9,fix,1749562385000,564,4,1749562387329,2025-06-10 13:33:07.329
1749562387529,GPS_external,0,0,41.9,41.9,fix,1749562385000,564,4,1749562387529,2025-06-10 13:33:07.529
1749562387730,GPS_external,0,0,41.9,41.9,fix,1749562385000,564,4,1749562387730,2025-06-10 13:33:07.730
1749562387930,GPS_external,0,0,41.9,41.9,fix,1749562385000,564,4,1749562387930,2025-06-10 13:33:07.930
1749562388130,GPS_external,0,0,41.9,41.9,fix,1749562386000,4161,3,1749562388130,2025-06-10 13:33:08.130
1749562388330,GPS_external,0,0,41.9,41.9,fix,1749562386000,4163,3,1749562388330,2025-06-10 13:33:08.330
1749562388531,GPS_external,0,0,41.9,41.9,fix,1749562386000,4165,3,1749562388531,2025-06-10 13:33:08.531
1749562388731,GPS_external,0,0,41.9,41.9,fix,1749562386000,4168,3,1749562388731,2025-06-10 13:33:08.731
1749562388931,GPS_external,0,0,41.9,41.9,fix,1749562386000,4170,3,1749562388931,2025-06-10 13:33:08.931
1749562389132,GPS_external,0,0,41.9,41.9,fix,1749562387000,4172,3,1749562389132,2025-06-10 13:33:09.132
1749562389332,GPS_external,0,0,41.9,41.9,fix,1749562387000,4174,3,1749562389332,2025-06-10 13:33:09.332
1749562389532,GPS_external,0,0,41.9,41.9,fix,1749562387000,4177,3,1749562389532,2025-06-10 13:33:09.532
1749562389732,GPS_external,0,0,41.9,41.9,fix,1749562387000,4179,3,1749562389732,2025-06-10 13:33:09.732
1749562389933,GPS_external,0,0,41.9,41.9,fix,1749562387000,4181,3,1749562389933,2025-06-10 13:33:09.933
1749562390133,GPS_external,0,0,41.8,41.8,fix,1749562388000,914,4,1749562390133,2025-06-10 13:33:10.133
1749562390333,GPS_external,0,0,41.8,41.8,fix,1749562388000,4186,3,1749562390333,2025-06-10 13:33:10.333
1749562390533,GPS_external,0,0,41.8,41.8,fix,1749562388000,4188,3,1749562390533,2025-06-10 13:33:10.533
1749562390734,GPS_external,0,0,41.8,41.8,fix,1749562388000,4190,3,1749562390734,2025-06-10 13:33:10.734
1749562390934,GPS_external,0,0,41.8,41.8,fix,1749562388000,4192,3,1749562390934,2025-06-10 13:33:10.934
1749562391135,GPS_external,0,0,41.8,41.8,fix,1749562389000,914,4,1749562391135,2025-06-10 13:33:11.135
1749562391335,GPS_external,0,0,41.8,41.8,fix,1749562389000,914,4,1749562391335,2025-06-10 13:33:11.335
1749562391535,GPS_external,0,0,41.8,41.8,fix,1749562389000,914,4,1749562391535,2025-06-10 13:33:11.535
1749562391735,GPS_external,0,0,41.8,41.8,fix,1749562389000,914,4,1749562391735,2025-06-10 13:33:11.735
1749562391936,GPS_external,0,0,41.8,41.8,fix,1749562389000,913,4,1749562391936,2025-06-10 13:33:11.936
1749562392136,GPS_external,0,0,41.8,41.8,fix,1749562390000,4206,3,1749562392136,2025-06-10 13:33:12.136
1749562392336,GPS_external,0,0,41.8,41.8,fix,1749562390000,4208,3,1749562392336,2025-06-10 13:33:12.336
1749562392537,GPS_external,0,0,41.8,41.8,fix,1749562390000,4211,3,1749562392537,2025-06-10 13:33:12.537
1749562392737,GPS_external,0,0,41.8,41.8,fix,1749562390000,4213,3,1749562392737,2025-06-10 13:33:12.737
1749562392937,GPS_external,0,0,41.8,41.8,fix,1749562390000,4215,3,1749562392937,2025-06-10 13:33:12.937
1749562393137,GPS_external,0,0,41.8,41.8,fix,1749562391000,4217,3,1749562393137,2025-06-10 13:33:13.137
1749562393338,GPS_external,0,0,41.8,41.8,fix,1749562391000,4220,3,1749562393338,2025-06-10 13:33:13.338
1749562393538,GPS_external,0,0,41.8,41.8,fix,1749562391000,4222,3,1749562393538,2025-06-10 13:33:13.538
1749562393738,GPS_external,0,0,41.8,41.8,fix,1749562391000,4227,3,1749562393738,2025-06-10 13:33:13.738
1749562393939,GPS_external,0,0,41.8,41.8,fix,1749562391000,4227,3,1749562393939,2025-06-10 13:33:13.939
1749562394139,GPS_external,0,0,41.8,41.8,fix,1749562392000,4229,3,1749562394139,2025-06-10 13:33:14.139
1749562394339,GPS_external,0,0,41.8,41.8,fix,1749562392000,4231,3,1749562394339,2025-06-10 13:33:14.339
1749562394539,GPS_external,0,0,41.8,41.8,fix,1749562392000,4236,3,1749562394539,2025-06-10 13:33:14.539
1749562394739,GPS_external,0,0,41.7,41.7,fix,1749562392000,4238,3,1749562394739,2025-06-10 13:33:14.739
1749562394940,GPS_external,0,0,41.7,41.7,fix,1749562392000,4238,3,1749562394940,2025-06-10 13:33:14.940
1749562395140,GPS_external,0,0,41.7,41.7,fix,1749562393000,4240,3,1749562395140,2025-06-10 13:33:15.140
1749562395340,GPS_external,0,0,41.7,41.7,fix,1749562393000,4243,3,1749562395340,2025-06-10 13:33:15.340
1749562395540,GPS_external,0,0,41.7,41.7,fix,1749562393000,4245,3,1749562395540,2025-06-10 13:33:15.540
1749562395741,GPS_external,0,0,41.7,41.7,fix,1749562393000,4247,3,1749562395741,2025-06-10 13:33:15.741
1749562395941,GPS_external,0,0,41.7,41.7,fix,1749562393000,4250,3,1749562395941,2025-06-10 13:33:15.941
1749562396141,GPS_external,0,0,41.7,41.7,fix,1749562394000,4252,3,1749562396141,2025-06-10 13:33:16.141
1749562396341,GPS_external,0,0,41.7,41.7,fix,1749562394000,4257,3,1749562396341,2025-06-10 13:33:16.341
1749562396542,GPS_external,0,0,41.7,41.7,fix,1749562394000,4257,3,1749562396542,2025-06-10 13:33:16.542
1749562396742,GPS_external,0,0,41.7,41.7,fix,1749562394000,4259,3,1749562396742,2025-06-10 13:33:16.742
1749562396943,GPS_external,0,0,41.7,41.7,fix,1749562394000,4261,3,1749562396943,2025-06-10 13:33:16.943
1749562397143,GPS_external,0,0,41.7,41.7,fix,1749562395000,4264,3,1749562397143,2025-06-10 13:33:17.143
1749562397343,GPS_external,0,0,41.7,41.7,fix,1749562395000,4266,3,1749562397343,2025-06-10 13:33:17.343
1749562397543,GPS_external,0,0,41.7,41.7,fix,1749562395000,4268,3,1749562397543,2025-06-10 13:33:17.543
1749562397744,GPS_external,0,0,41.7,41.7,fix,1749562395000,4271,3,1749562397744,2025-06-10 13:33:17.744
1749562397946,GPS_external,0,0,41.7,41.7,fix,1749562395000,4273,3,1749562397946,2025-06-10 13:33:17.946
1749562398144,GPS_external,0,0,41.7,41.7,fix,1749562396000,4278,3,1749562398144,2025-06-10 13:33:18.144
1749562398345,GPS_external,0,0,41.7,41.7,fix,1749562396000,4278,3,1749562398345,2025-06-10 13:33:18.345
1749562398546,GPS_external,0,0,41.7,41.7,fix,1749562396000,4280,3,1749562398546,2025-06-10 13:33:18.546
1749562398745,GPS_external,0,0,41.7,41.7,fix,1749562396000,4283,3,1749562398745,2025-06-10 13:33:18.745
1749562398946,GPS_external,0,0,41.7,41.7,fix,1749562396000,4285,3,1749562398946,2025-06-10 13:33:18.946
1749562399146,GPS_external,0,0,41.7,41.7,fix,1749562397000,4287,3,1749562399146,2025-06-10 13:33:19.146
1749562399346,GPS_external,0,0,41.7,41.7,fix,1749562397000,4290,3,1749562399346,2025-06-10 13:33:19.346
1749562399546,GPS_external,0,0,41.6,41.6,fix,1749562397000,4292,3,1749562399546,2025-06-10 13:33:19.546
1749562399747,GPS_external,0,0,41.6,41.6,fix,1749562397000,4294,3,1749562399747,2025-06-10 13:33:19.747
1749562399947,GPS_external,0,0,41.6,41.6,fix,1749562397000,4297,3,1749562399947,2025-06-10 13:33:19.947
1749562400147,GPS_external,0,0,41.6,41.6,fix,1749562398000,4299,3,1749562400147,2025-06-10 13:33:20.147
1749562400348,GPS_external,0,0,41.6,41.6,fix,1749562398000,4302,3,1749562400348,2025-06-10 13:33:20.348
1749562400548,GPS_external,0,0,41.6,41.6,fix,1749562398000,4304,3,1749562400548,2025-06-10 13:33:20.548
1749562400748,GPS_external,0,0,41.6,41.6,fix,1749562398000,4306,3,1749562400748,2025-06-10 13:33:20.748
1749562400949,GPS_external,0,0,41.6,41.6,fix,1749562398000,4309,3,1749562400949,2025-06-10 13:33:20.949
1749562401149,GPS_external,0,0,41.6,41.6,fix,1749562399000,4311,3,1749562401149,2025-06-10 13:33:21.149
1749562401349,GPS_external,0,0,41.6,41.6,fix,1749562399000,3494,4,1749562401349,2025-06-10 13:33:21.349
1749562401550,GPS_external,0,0,41.6,41.6,fix,1749562399000,3493,4,1749562401550,2025-06-10 13:33:21.550
1749562401750,GPS_external,0,0,41.6,41.6,fix,1749562399000,3492,4,1749562401750,2025-06-10 13:33:21.750
1749562401950,GPS_external,0,0,41.6,41.6,fix,1749562399000,896,5,1749562401950,2025-06-10 13:33:21.950
1749562402150,GPS_external,0,0,41.6,41.6,fix,1749562400000,896,5,1749562402150,2025-06-10 13:33:22.150
1749562402351,GPS_external,0,0,41.6,41.6,fix,1749562400000,896,5,1749562402351,2025-06-10 13:33:22.351
1749562402551,GPS_external,0,0,41.6,41.6,fix,1749562400000,3488,4,1749562402551,2025-06-10 13:33:22.551
1749562402751,GPS_external,0,0,41.6,41.6,fix,1749562400000,3487,4,1749562402751,2025-06-10 13:33:22.751
1749562402958,GPS_external,0,0,41.6,41.6,fix,1749562400000,3486,4,1749562402958,2025-06-10 13:33:22.958
1749562403152,GPS_external,0,0,41.6,41.6,fix,1749562401000,3485,4,1749562403152,2025-06-10 13:33:23.152
1749562403352,GPS_external,0,0,41.5,41.5,fix,1749562401000,3484,4,1749562403352,2025-06-10 13:33:23.352
1749562403552,GPS_external,0,0,41.5,41.5,fix,1749562401000,3483,4,1749562403552,2025-06-10 13:33:23.552
1749562403753,GPS_external,0,0,41.5,41.5,fix,1749562401000,4343,3,1749562403753,2025-06-10 13:33:23.753
1749562403953,GPS_external,0,0,41.5,41.5,fix,1749562401000,9999,0,1749562403953,2025-06-10 13:33:23.953
1749562404153,GPS_external,0,0,41.5,41.5,fix,1749562402000,9999,0,1749562404153,2025-06-10 13:33:24.153
1749562404354,GPS_external,0,0,41.5,41.5,fix,1749562402000,9999,0,1749562404354,2025-06-10 13:33:24.354
1749562404554,GPS_external,0,0,41.5,41.5,fix,1749562402000,9999,0,1749562404554,2025-06-10 13:33:24.554
1749562404754,GPS_external,0,0,41.5,41.5,fix,1749562402000,9999,0,1749562404754,2025-06-10 13:33:24.754
1749562404955,GPS_external,0,0,41.5,41.5,fix,1749562402000,9999,0,1749562404955,2025-06-10 13:33:24.955
1749562405155,GPS_external,0,0,41.5,41.5,fix,1749562403000,9999,0,1749562405155,2025-06-10 13:33:25.155
1749562405355,GPS_external,0,0,41.5,41.5,fix,1749562403000,9999,0,1749562405355,2025-06-10 13:33:25.355
1749562405555,GPS_external,0,0,41.5,41.5,fix,1749562403000,9999,0,1749562405555,2025-06-10 13:33:25.555
1749562405756,GPS_external,0,0,41.5,41.5,fix,1749562403000,9999,0,1749562405756,2025-06-10 13:33:25.756
1749562405956,GPS_external,0,0,41.5,41.5,fix,1749562403000,9999,0,1749562405956,2025-06-10 13:33:25.956
1749562406157,GPS_external,0,0,41.5,41.5,fix,1749562404000,9999,0,1749562406157,2025-06-10 13:33:26.157
1749562406356,GPS_external,0,0,41.5,41.5,fix,1749562404000,9999,0,1749562406356,2025-06-10 13:33:26.356
1749562406557,GPS_external,0,0,41.5,41.5,fix,1749562404000,9999,0,1749562406557,2025-06-10 13:33:26.557
1749562406757,GPS_external,0,0,41.5,41.5,fix,1749562404000,9999,0,1749562406757,2025-06-10 13:33:26.757
1749562406957,GPS_external,0,0,41.5,41.5,fix,1749562404000,9999,0,1749562406957,2025-06-10 13:33:26.957
1749562407158,GPS_external,0,0,41.5,41.5,fix,1749562405000,9999,0,1749562407158,2025-06-10 13:33:27.158
1749562407358,GPS_external,0,0,41.5,41.5,fix,1749562405000,9999,0,1749562407358,2025-06-10 13:33:27.358
1749562407558,GPS_external,0,0,41.5,41.5,fix,1749562405000,9999,0,1749562407558,2025-06-10 13:33:27.558
1749562407758,GPS_external,0,0,41.5,41.5,fix,1749562405000,9999,0,1749562407758,2025-06-10 13:33:27.758
1749562407958,GPS_external,0,0,41.5,41.5,fix,1749562405000,9999,0,1749562407958,2025-06-10 13:33:27.958
1749562408159,GPS_external,0,0,41.5,41.5,fix,1749562406000,9999,0,1749562408159,2025-06-10 13:33:28.159
1749562408359,GPS_external,0,0,41.5,41.5,fix,1749562406000,9999,0,1749562408359,2025-06-10 13:33:28.359
1749562408559,GPS_external,0,0,41.5,41.5,fix,1749562406000,9999,0,1749562408559,2025-06-10 13:33:28.559
1749562408759,GPS_external,0,0,41.5,41.5,fix,1749562406000,9999,0,1749562408759,2025-06-10 13:33:28.759
1749562408960,GPS_external,0,0,41.5,41.5,fix,1749562406000,9999,0,1749562408960,2025-06-10 13:33:28.960
1749562409160,GPS_external,0,0,41.5,41.5,fix,1749562407000,452,3,1749562409160,2025-06-10 13:33:29.160
1749562409360,GPS_external,0,0,41.5,41.5,fix,1749562407000,452,3,1749562409360,2025-06-10 13:33:29.360
1749562409560,GPS_external,0,0,41.5,41.5,fix,1749562407000,452,3,1749562409560,2025-06-10 13:33:29.560
1749562409761,GPS_external,0,0,41.4,41.4,fix,1749562407000,452,3,1749562409761,2025-06-10 13:33:29.761
1749562409961,GPS_external,0,0,41.4,41.4,fix,1749562407000,452,3,1749562409961,2025-06-10 13:33:29.961
1749562410161,GPS_external,0,0,41.4,41.4,fix,1749562408000,452,3,1749562410161,2025-06-10 13:33:30.161
1749562410361,GPS_external,0,0,41.4,41.4,fix,1749562408000,452,3,1749562410361,2025-06-10 13:33:30.361
1749562410562,GPS_external,0,0,41.3,41.3,fix,1749562408000,452,3,1749562410562,2025-06-10 13:33:30.562
1749562410762,GPS_external,0,0,41.3,41.3,fix,1749562408000,452,3,1749562410762,2025-06-10 13:33:30.762
1749562410962,GPS_external,0,0,41.3,41.3,fix,1749562408000,452,3,1749562410962,2025-06-10 13:33:30.962
1749562411162,GPS_external,0,0,41.3,41.3,fix,1749562409000,452,3,1749562411162,2025-06-10 13:33:31.162
1749562411364,GPS_external,0,0,41.3,41.3,fix,1749562409000,452,3,1749562411364,2025-06-10 13:33:31.364
1749562411563,GPS_external,0,0,41.3,41.3,fix,1749562409000,9999,0,1749562411563,2025-06-10 13:33:31.563
1749562411763,GPS_external,0,0,41.3,41.3,fix,1749562409000,9999,0,1749562411763,2025-06-10 13:33:31.763
1749562411964,GPS_external,0,0,41.3,41.3,fix,1749562409000,452,3,1749562411964,2025-06-10 13:33:31.964
1749562412164,GPS_external,0,0,41.3,41.3,fix,1749562410000,9999,0,1749562412164,2025-06-10 13:33:32.164
1749562412364,GPS_external,0,0,41.3,41.3,fix,1749562410000,9999,0,1749562412364,2025-06-10 13:33:32.364
1749562412565,GPS_external,0,0,41.3,41.3,fix,1749562410000,452,3,1749562412565,2025-06-10 13:33:32.565
1749562412765,GPS_external,0,0,41.3,41.3,fix,1749562410000,452,3,1749562412765,2025-06-10 13:33:32.765
1749562412965,GPS_external,0,0,41.3,41.3,fix,1749562410000,452,3,1749562412965,2025-06-10 13:33:32.965
1749562413166,GPS_external,0,0,41.3,41.3,fix,1749562411000,452,3,1749562413166,2025-06-10 13:33:33.166
1749562413366,GPS_external,0,0,41.2,41.2,fix,1749562411000,452,3,1749562413366,2025-06-10 13:33:33.366
1749562413566,GPS_external,0,0,41.2,41.2,fix,1749562411000,452,3,1749562413566,2025-06-10 13:33:33.566
1749562413767,GPS_external,0,0,41.2,41.2,fix,1749562411000,452,3,1749562413767,2025-06-10 13:33:33.767
1749562413967,GPS_external,0,0,41.2,41.2,fix,1749562411000,452,3,1749562413967,2025-06-10 13:33:33.967
1749562414168,GPS_external,0,0,41.2,41.2,fix,1749562412000,452,3,1749562414168,2025-06-10 13:33:34.168
1749562414368,GPS_external,0,0,41.2,41.2,fix,1749562412000,452,3,1749562414368,2025-06-10 13:33:34.368
1749562414569,GPS_external,0,0,41.2,41.2,fix,1749562412000,452,3,1749562414569,2025-06-10 13:33:34.569
1749562414769,GPS_external,0,0,41.2,41.2,fix,1749562412000,452,3,1749562414769,2025-06-10 13:33:34.769
1749562414969,GPS_external,0,0,41.2,41.2,fix,1749562412000,9999,0,1749562414969,2025-06-10 13:33:34.969
1749562415170,GPS_external,0,0,41.2,41.2,fix,1749562413000,9999,0,1749562415170,2025-06-10 13:33:35.170
1749562415370,GPS_external,0,0,41.2,41.2,fix,1749562413000,9999,0,1749562415370,2025-06-10 13:33:35.370
1749562415570,GPS_external,0,0,41.2,41.2,fix,1749562413000,9999,0,1749562415570,2025-06-10 13:33:35.570
1749562415771,GPS_external,0,0,41.2,41.2,fix,1749562413000,9999,0,1749562415771,2025-06-10 13:33:35.771
1749562415971,GPS_external,0,0,41.2,41.2,fix,1749562413000,9999,0,1749562415971,2025-06-10 13:33:35.971
1749562416171,GPS_external,0,0,41.2,41.2,fix,1749562414000,4499,3,1749562416171,2025-06-10 13:33:36.171
1749562416371,GPS_external,0,0,41.2,41.2,fix,1749562414000,4501,3,1749562416371,2025-06-10 13:33:36.371
1749562416572,GPS_external,0,0,41.2,41.2,fix,1749562414000,4504,3,1749562416572,2025-06-10 13:33:36.572
1749562416772,GPS_external,0,0,41.2,41.2,fix,1749562414000,4506,3,1749562416772,2025-06-10 13:33:36.772
1749562416972,GPS_external,0,0,41.2,41.2,fix,1749562414000,4509,3,1749562416972,2025-06-10 13:33:36.972
1749562417173,GPS_external,0,0,41.2,41.2,fix,1749562415000,4512,3,1749562417173,2025-06-10 13:33:37.173
1749562417373,GPS_external,0,0,41.1,41.1,fix,1749562415000,177,4,1749562417373,2025-06-10 13:33:37.373
1749562417573,GPS_external,0,0,41.1,41.1,fix,1749562415000,177,4,1749562417573,2025-06-10 13:33:37.573
1749562417774,GPS_external,0,0,41.1,41.1,fix,1749562415000,4520,3,1749562417774,2025-06-10 13:33:37.774
1749562417974,GPS_external,0,0,41.0,41.0,fix,1749562415000,4522,3,1749562417974,2025-06-10 13:33:37.974
1749562418174,GPS_external,0,0,41.0,41.0,fix,1749562416000,4525,3,1749562418174,2025-06-10 13:33:38.174
1749562418375,GPS_external,0,0,40.9,40.9,fix,1749562416000,4527,3,1749562418375,2025-06-10 13:33:38.375
1749562418575,GPS_external,0,0,40.9,40.9,fix,1749562416000,9999,0,1749562418575,2025-06-10 13:33:38.575
1749562418775,GPS_external,0,0,40.9,40.9,fix,1749562416000,9999,0,1749562418775,2025-06-10 13:33:38.775
1749562418975,GPS_external,0,0,40.8,40.8,fix,1749562416000,452,3,1749562418975,2025-06-10 13:33:38.975
1749562419176,GPS_external,0,0,40.8,40.8,fix,1749562417000,452,3,1749562419176,2025-06-10 13:33:39.176
1749562419376,GPS_external,0,0,40.7,40.7,fix,1749562417000,452,3,1749562419376,2025-06-10 13:33:39.376
1749562419576,GPS_external,0,0,40.7,40.7,fix,1749562417000,452,3,1749562419576,2025-06-10 13:33:39.576
1749562419777,GPS_external,0,0,40.6,40.6,fix,1749562417000,177,4,1749562419777,2025-06-10 13:33:39.777
1749562419977,GPS_external,0,0,40.6,40.6,fix,1749562417000,177,4,1749562419977,2025-06-10 13:33:39.977
1749562420177,GPS_external,0,0,40.5,40.5,fix,1749562418000,177,4,1749562420177,2025-06-10 13:33:40.177
1749562420377,GPS_external,0,0,40.5,40.5,fix,1749562418000,177,4,1749562420377,2025-06-10 13:33:40.377
1749562420578,GPS_external,0,0,40.4,40.4,fix,1749562418000,177,4,1749562420578,2025-06-10 13:33:40.578
1749562420778,GPS_external,0,0,40.4,40.4,fix,1749562418000,177,4,1749562420778,2025-06-10 13:33:40.778
1749562420978,GPS_external,0,0,40.4,40.4,fix,1749562418000,177,4,1749562420978,2025-06-10 13:33:40.978
1749562421178,GPS_external,0,0,40.3,40.3,fix,1749562419000,4565,3,1749562421178,2025-06-10 13:33:41.178
1749562421379,GPS_external,0,0,40.3,40.3,fix,1749562419000,4567,3,1749562421379,2025-06-10 13:33:41.379
1749562421579,GPS_external,0,0,40.2,40.2,fix,1749562419000,4570,3,1749562421579,2025-06-10 13:33:41.579
1749562421779,GPS_external,0,0,40.2,40.2,fix,1749562419000,4573,3,1749562421779,2025-06-10 13:33:41.779
1749562421979,GPS_external,0,0,40.2,40.2,fix,1749562419000,3395,4,1749562421979,2025-06-10 13:33:41.979
1749562422180,GPS_external,0,0,40.2,40.2,fix,1749562420000,3394,4,1749562422180,2025-06-10 13:33:42.180
