timestamp,eID,objectVersion,classID,sensorMeasures,sensorConfig,Realtime,Livetime,Spectrum_length,Spectrum_sum,Spectrum_max,Total,Countrate,Cosmics,vT,datetime
,SPECTRO_,1.1,Spectrometer,"[{'measureLabel': 'Spectrum', 'measureDescriptor': 'A raw gamma-ray spectrum', 'measureType': 'array', 'measureUnit': 'cnts', 'measureUnitEx': 'count(s)', 'measureLow': 0, 'measureHigh': 4294967295, 'measureResolution': 1, 'measureAccuracy': 1, 'array_size': 512, 'synchronisation_method': 0}, {'measureLabel': 'Livetime', 'measureDescriptor': 'Time the sensor actually measured', 'measureType': 'number', 'measureUnit': 's', 'measureUnitEx': 'second(s)', 'measureLow': 0, 'measureHigh': 4294967295, 'measureResolution': 0.001, 'measureAccuracy': 0.001, 'synchronisation_method': 0}, {'measureLabel': 'Realtime', 'measureDescriptor': 'Time the measurement took', 'measureType': 'number', 'measureUnit': 's', 'measureUnitEx': 'second(s)', 'measureLow': 0, 'measureHigh': 4294967295, 'measureResolution': 0.001, 'measureAccuracy': 0.001, 'synchronisation_method': 0}, {'measureLabel': 'Total', 'measureDescriptor': 'Total counts inside the spectrum', 'measureType': 'number', 'measureUnit': 'cnts', 'measureUnitEx': 'count(s)', 'measureLow': 0, 'measureHigh': 4294967295, 'measureResolution': 1, 'measureAccuracy': 1, 'synchronisation_method': 0}, {'measureLabel': 'Countrate', 'measureDescriptor': 'Counts per second inside the spectrum (rounded)', 'measureType': 'number', 'measureUnit': 'cps', 'measureUnitEx': 'counts per second (cps)', 'measureLow': 0, 'measureHigh': 4294967295, 'measureResolution': 1, 'measureAccuracy': 1, 'synchronisation_method': 0}, {'measureLabel': 'Cosmics', 'measureDescriptor': 'Detected counts above the last channel', 'measureType': 'number', 'measureUnit': 'cnts', 'measureUnitEx': 'count(s)', 'measureLow': 0, 'measureHigh': 4294967295, 'measureResolution': 1, 'measureAccuracy': 1, 'synchronisation_method': 0}]",,,,,,,,,,,
,SPECTRO_4112,1.0,Spectrometer,"[{'measureLabel': 'Spectrum', 'measureDescriptor': 'A raw gamma-ray spectrum', 'measureType': 'array', 'measureUnit': 'cnts', 'measureUnitEx': 'count(s)', 'measureLow': 0, 'measureHigh': 4294967295, 'measureResolution': 1, 'measureAccuracy': 1, 'array_size': 512, 'synchronisation_method': 0}, {'measureLabel': 'Livetime', 'measureDescriptor': 'Time the sensor actually measured', 'measureType': 'number', 'measureUnit': 's', 'measureUnitEx': 'second(s)', 'measureLow': 0, 'measureHigh': 4294967295, 'measureResolution': 0.001, 'measureAccuracy': 0.001, 'synchronisation_method': 0}, {'measureLabel': 'Realtime', 'measureDescriptor': 'Time the measurement took', 'measureType': 'number', 'measureUnit': 's', 'measureUnitEx': 'second(s)', 'measureLow': 0, 'measureHigh': 4294967295, 'measureResolution': 0.001, 'measureAccuracy': 0.001, 'synchronisation_method': 0}, {'measureLabel': 'Total', 'measureDescriptor': 'Total counts inside the spectrum', 'measureType': 'number', 'measureUnit': 'cnts', 'measureUnitEx': 'count(s)', 'measureLow': 0, 'measureHigh': 4294967295, 'measureResolution': 1, 'measureAccuracy': 1, 'synchronisation_method': 0}, {'measureLabel': 'Countrate', 'measureDescriptor': 'Counts per second inside the spectrum (rounded)', 'measureType': 'number', 'measureUnit': 'cps', 'measureUnitEx': 'counts per second (cps)', 'measureLow': 0, 'measureHigh': 4294967295, 'measureResolution': 1, 'measureAccuracy': 1, 'synchronisation_method': 0}, {'measureLabel': 'Cosmics', 'measureDescriptor': 'Detected counts above the last channel', 'measureType': 'number', 'measureUnit': 'cnts', 'measureUnitEx': 'count(s)', 'measureLow': 0, 'measureHigh': 4294967295, 'measureResolution': 1, 'measureAccuracy': 1, 'synchronisation_method': 0}]","{'Serial': 4112, 'Firmware': '22.01', 'Hardware': '14.00', 'Highvoltage': 0, 'Channels': 512, 'Polarity': 'poNegative', 'Gain': '22.0000', 'Shapingtime': '1.0', 'Flattoptime': '1.2', 'Threshold': '0.0', 'ftThresholdRead': '0.0000'}",,,,,,,,,,
1749562270192.0,SPECTRO_4112,,,,,0.199,0.199,512.0,19.0,2.0,19.0,95.0,1.0,1749562270192.0,2025-06-10 13:31:10.192
1749562270393.0,SPECTRO_4112,,,,,0.2,0.2,512.0,19.0,2.0,19.0,95.0,2.0,1749562270393.0,2025-06-10 13:31:10.393
1749562270595.0,SPECTRO_4112,,,,,0.202,0.202,512.0,24.0,2.0,24.0,119.0,2.0,1749562270595.0,2025-06-10 13:31:10.595
1749562270795.0,SPECTRO_4112,,,,,0.199,0.199,512.0,17.0,2.0,17.0,85.0,1.0,1749562270795.0,2025-06-10 13:31:10.795
1749562271001.0,SPECTRO_4112,,,,,0.205,0.205,512.0,29.0,2.0,29.0,141.0,1.0,1749562271001.0,2025-06-10 13:31:11.001
1749562271195.0,SPECTRO_4112,,,,,0.194,0.194,512.0,24.0,3.0,24.0,124.0,0.0,1749562271195.0,2025-06-10 13:31:11.195
1749562271395.0,SPECTRO_4112,,,,,0.199,0.199,512.0,24.0,2.0,24.0,121.0,1.0,1749562271395.0,2025-06-10 13:31:11.395
1749562271596.0,SPECTRO_4112,,,,,0.2,0.2,512.0,15.0,2.0,15.0,75.0,1.0,1749562271596.0,2025-06-10 13:31:11.596
1749562271795.0,SPECTRO_4112,,,,,0.199,0.199,512.0,23.0,2.0,23.0,116.0,0.0,1749562271795.0,2025-06-10 13:31:11.795
1749562271996.0,SPECTRO_4112,,,,,0.2,0.2,512.0,23.0,2.0,23.0,115.0,0.0,1749562271996.0,2025-06-10 13:31:11.996
1749562272197.0,SPECTRO_4112,,,,,0.2,0.2,512.0,29.0,3.0,29.0,145.0,0.0,1749562272197.0,2025-06-10 13:31:12.197
1749562272397.0,SPECTRO_4112,,,,,0.199,0.199,512.0,26.0,3.0,26.0,131.0,0.0,1749562272397.0,2025-06-10 13:31:12.397
1749562272597.0,SPECTRO_4112,,,,,0.2,0.2,512.0,20.0,2.0,20.0,100.0,0.0,1749562272597.0,2025-06-10 13:31:12.597
1749562272798.0,SPECTRO_4112,,,,,0.2,0.2,512.0,30.0,3.0,30.0,150.0,1.0,1749562272798.0,2025-06-10 13:31:12.798
1749562273000.0,SPECTRO_4112,,,,,0.201,0.201,512.0,22.0,3.0,22.0,109.0,1.0,1749562273000.0,2025-06-10 13:31:13.000
1749562273198.0,SPECTRO_4112,,,,,0.198,0.198,512.0,24.0,2.0,24.0,121.0,0.0,1749562273198.0,2025-06-10 13:31:13.198
1749562273399.0,SPECTRO_4112,,,,,0.2,0.2,512.0,21.0,1.0,21.0,105.0,0.0,1749562273399.0,2025-06-10 13:31:13.399
1749562273599.0,SPECTRO_4112,,,,,0.2,0.2,512.0,24.0,1.0,24.0,120.0,0.0,1749562273599.0,2025-06-10 13:31:13.599
1749562273798.0,SPECTRO_4112,,,,,0.199,0.199,512.0,25.0,3.0,25.0,126.0,1.0,1749562273798.0,2025-06-10 13:31:13.798
1749562273998.0,SPECTRO_4112,,,,,0.199,0.199,512.0,13.0,1.0,13.0,65.0,0.0,1749562273998.0,2025-06-10 13:31:13.998
1749562274205.0,SPECTRO_4112,,,,,0.207,0.207,512.0,29.0,3.0,29.0,140.0,1.0,1749562274205.0,2025-06-10 13:31:14.205
1749562274398.0,SPECTRO_4112,,,,,0.193,0.193,512.0,30.0,2.0,30.0,155.0,1.0,1749562274398.0,2025-06-10 13:31:14.398
1749562274598.0,SPECTRO_4112,,,,,0.2,0.2,512.0,23.0,2.0,23.0,115.0,0.0,1749562274598.0,2025-06-10 13:31:14.598
1749562274801.0,SPECTRO_4112,,,,,0.201,0.201,512.0,19.0,1.0,19.0,95.0,0.0,1749562274801.0,2025-06-10 13:31:14.801
1749562275001.0,SPECTRO_4112,,,,,0.2,0.2,512.0,22.0,2.0,22.0,110.0,0.0,1749562275001.0,2025-06-10 13:31:15.001
1749562275199.0,SPECTRO_4112,,,,,0.197,0.197,512.0,18.0,1.0,18.0,91.0,0.0,1749562275199.0,2025-06-10 13:31:15.199
1749562275398.0,SPECTRO_4112,,,,,0.199,0.199,512.0,24.0,3.0,24.0,121.0,0.0,1749562275398.0,2025-06-10 13:31:15.398
1749562275601.0,SPECTRO_4112,,,,,0.202,0.202,512.0,23.0,2.0,23.0,114.0,0.0,1749562275601.0,2025-06-10 13:31:15.601
1749562275800.0,SPECTRO_4112,,,,,0.198,0.198,512.0,18.0,2.0,18.0,91.0,0.0,1749562275800.0,2025-06-10 13:31:15.800
1749562276001.0,SPECTRO_4112,,,,,0.2,0.2,512.0,23.0,1.0,23.0,115.0,1.0,1749562276001.0,2025-06-10 13:31:16.001
1749562276201.0,SPECTRO_4112,,,,,0.2,0.2,512.0,21.0,2.0,21.0,105.0,0.0,1749562276201.0,2025-06-10 13:31:16.201
1749562276399.0,SPECTRO_4112,,,,,0.198,0.198,512.0,22.0,2.0,22.0,111.0,0.0,1749562276399.0,2025-06-10 13:31:16.399
1749562276599.0,SPECTRO_4112,,,,,0.199,0.199,512.0,32.0,2.0,32.0,161.0,0.0,1749562276599.0,2025-06-10 13:31:16.599
1749562276801.0,SPECTRO_4112,,,,,0.201,0.201,512.0,27.0,3.0,27.0,134.0,0.0,1749562276801.0,2025-06-10 13:31:16.801
1749562276999.0,SPECTRO_4112,,,,,0.198,0.198,512.0,24.0,2.0,24.0,121.0,0.0,1749562276999.0,2025-06-10 13:31:16.999
1749562277199.0,SPECTRO_4112,,,,,0.199,0.199,512.0,21.0,3.0,21.0,106.0,1.0,1749562277199.0,2025-06-10 13:31:17.199
1749562277399.0,SPECTRO_4112,,,,,0.2,0.2,512.0,35.0,3.0,35.0,175.0,0.0,1749562277399.0,2025-06-10 13:31:17.399
1749562277599.0,SPECTRO_4112,,,,,0.199,0.199,512.0,34.0,3.0,34.0,171.0,0.0,1749562277599.0,2025-06-10 13:31:17.599
1749562277799.0,SPECTRO_4112,,,,,0.2,0.2,512.0,21.0,2.0,21.0,105.0,2.0,1749562277799.0,2025-06-10 13:31:17.799
1749562277999.0,SPECTRO_4112,,,,,0.2,0.2,512.0,26.0,3.0,26.0,130.0,0.0,1749562277999.0,2025-06-10 13:31:17.999
1749562278199.0,SPECTRO_4112,,,,,0.199,0.199,512.0,22.0,2.0,22.0,111.0,0.0,1749562278199.0,2025-06-10 13:31:18.199
1749562278400.0,SPECTRO_4112,,,,,0.201,0.201,512.0,14.0,2.0,14.0,70.0,0.0,1749562278400.0,2025-06-10 13:31:18.400
1749562278600.0,SPECTRO_4112,,,,,0.199,0.199,512.0,27.0,1.0,27.0,136.0,0.0,1749562278600.0,2025-06-10 13:31:18.600
1749562278800.0,SPECTRO_4112,,,,,0.2,0.2,512.0,26.0,3.0,26.0,130.0,0.0,1749562278800.0,2025-06-10 13:31:18.800
1749562279002.0,SPECTRO_4112,,,,,0.202,0.202,512.0,26.0,3.0,26.0,129.0,0.0,1749562279002.0,2025-06-10 13:31:19.002
1749562279200.0,SPECTRO_4112,,,,,0.197,0.197,512.0,27.0,3.0,27.0,137.0,0.0,1749562279200.0,2025-06-10 13:31:19.200
1749562279401.0,SPECTRO_4112,,,,,0.2,0.2,512.0,24.0,2.0,24.0,120.0,0.0,1749562279401.0,2025-06-10 13:31:19.401
1749562279601.0,SPECTRO_4112,,,,,0.2,0.2,512.0,21.0,2.0,21.0,105.0,0.0,1749562279601.0,2025-06-10 13:31:19.601
1749562279802.0,SPECTRO_4112,,,,,0.2,0.2,512.0,26.0,2.0,26.0,130.0,0.0,1749562279802.0,2025-06-10 13:31:19.802
1749562280003.0,SPECTRO_4112,,,,,0.201,0.201,512.0,30.0,3.0,30.0,149.0,0.0,1749562280003.0,2025-06-10 13:31:20.003
1749562280204.0,SPECTRO_4112,,,,,0.2,0.2,512.0,23.0,2.0,23.0,115.0,2.0,1749562280204.0,2025-06-10 13:31:20.204
1749562280405.0,SPECTRO_4112,,,,,0.201,0.201,512.0,28.0,3.0,28.0,139.0,0.0,1749562280405.0,2025-06-10 13:31:20.405
1749562280604.0,SPECTRO_4112,,,,,0.199,0.199,512.0,28.0,2.0,28.0,141.0,0.0,1749562280604.0,2025-06-10 13:31:20.604
1749562280805.0,SPECTRO_4112,,,,,0.2,0.2,512.0,28.0,3.0,28.0,140.0,0.0,1749562280805.0,2025-06-10 13:31:20.805
1749562281006.0,SPECTRO_4112,,,,,0.2,0.2,512.0,27.0,2.0,27.0,135.0,0.0,1749562281006.0,2025-06-10 13:31:21.006
1749562281205.0,SPECTRO_4112,,,,,0.199,0.199,512.0,32.0,3.0,32.0,161.0,0.0,1749562281205.0,2025-06-10 13:31:21.205
1749562281411.0,SPECTRO_4112,,,,,0.205,0.205,512.0,41.0,3.0,41.0,200.0,0.0,1749562281411.0,2025-06-10 13:31:21.411
1749562281606.0,SPECTRO_4112,,,,,0.194,0.194,512.0,25.0,2.0,25.0,129.0,0.0,1749562281606.0,2025-06-10 13:31:21.606
1749562281807.0,SPECTRO_4112,,,,,0.201,0.201,512.0,27.0,2.0,27.0,134.0,1.0,1749562281807.0,2025-06-10 13:31:21.807
1749562282007.0,SPECTRO_4112,,,,,0.199,0.199,512.0,15.0,1.0,15.0,75.0,1.0,1749562282007.0,2025-06-10 13:31:22.007
1749562282208.0,SPECTRO_4112,,,,,0.201,0.201,512.0,27.0,3.0,27.0,134.0,0.0,1749562282208.0,2025-06-10 13:31:22.208
1749562282408.0,SPECTRO_4112,,,,,0.2,0.2,512.0,22.0,2.0,22.0,110.0,2.0,1749562282408.0,2025-06-10 13:31:22.408
1749562282609.0,SPECTRO_4112,,,,,0.201,0.201,512.0,26.0,2.0,26.0,129.0,0.0,1749562282609.0,2025-06-10 13:31:22.609
1749562282809.0,SPECTRO_4112,,,,,0.199,0.199,512.0,16.0,1.0,16.0,80.0,1.0,1749562282809.0,2025-06-10 13:31:22.809
1749562283010.0,SPECTRO_4112,,,,,0.2,0.2,512.0,26.0,3.0,26.0,130.0,0.0,1749562283010.0,2025-06-10 13:31:23.010
1749562283209.0,SPECTRO_4112,,,,,0.199,0.199,512.0,22.0,2.0,22.0,111.0,0.0,1749562283209.0,2025-06-10 13:31:23.209
1749562283410.0,SPECTRO_4112,,,,,0.2,0.2,512.0,25.0,2.0,25.0,125.0,1.0,1749562283410.0,2025-06-10 13:31:23.410
1749562283611.0,SPECTRO_4112,,,,,0.2,0.2,512.0,23.0,3.0,23.0,115.0,0.0,1749562283611.0,2025-06-10 13:31:23.611
1749562283812.0,SPECTRO_4112,,,,,0.201,0.201,512.0,26.0,2.0,26.0,129.0,0.0,1749562283812.0,2025-06-10 13:31:23.812
1749562284011.0,SPECTRO_4112,,,,,0.198,0.198,512.0,25.0,3.0,25.0,126.0,0.0,1749562284011.0,2025-06-10 13:31:24.011
1749562284211.0,SPECTRO_4112,,,,,0.199,0.199,512.0,26.0,2.0,26.0,131.0,0.0,1749562284211.0,2025-06-10 13:31:24.211
1749562284412.0,SPECTRO_4112,,,,,0.2,0.2,512.0,23.0,2.0,23.0,115.0,1.0,1749562284412.0,2025-06-10 13:31:24.412
1749562284612.0,SPECTRO_4112,,,,,0.201,0.201,512.0,27.0,2.0,27.0,134.0,1.0,1749562284612.0,2025-06-10 13:31:24.612
1749562284812.0,SPECTRO_4112,,,,,0.199,0.199,512.0,27.0,3.0,27.0,136.0,2.0,1749562284812.0,2025-06-10 13:31:24.812
1749562285011.0,SPECTRO_4112,,,,,0.198,0.198,512.0,39.0,3.0,39.0,197.0,1.0,1749562285011.0,2025-06-10 13:31:25.011
1749562285213.0,SPECTRO_4112,,,,,0.201,0.201,512.0,24.0,1.0,24.0,119.0,0.0,1749562285213.0,2025-06-10 13:31:25.213
1749562285413.0,SPECTRO_4112,,,,,0.2,0.2,512.0,28.0,2.0,28.0,140.0,1.0,1749562285413.0,2025-06-10 13:31:25.413
1749562285612.0,SPECTRO_4112,,,,,0.199,0.199,512.0,20.0,2.0,20.0,101.0,0.0,1749562285612.0,2025-06-10 13:31:25.612
1749562285811.0,SPECTRO_4112,,,,,0.198,0.198,512.0,26.0,3.0,26.0,131.0,1.0,1749562285811.0,2025-06-10 13:31:25.811
1749562286012.0,SPECTRO_4112,,,,,0.2,0.2,512.0,30.0,2.0,30.0,150.0,0.0,1749562286012.0,2025-06-10 13:31:26.012
1749562286211.0,SPECTRO_4112,,,,,0.199,0.199,512.0,23.0,2.0,23.0,116.0,0.0,1749562286211.0,2025-06-10 13:31:26.211
1749562286413.0,SPECTRO_4112,,,,,0.201,0.201,512.0,30.0,3.0,30.0,149.0,2.0,1749562286413.0,2025-06-10 13:31:26.413
1749562286613.0,SPECTRO_4112,,,,,0.2,0.2,512.0,19.0,2.0,19.0,95.0,1.0,1749562286613.0,2025-06-10 13:31:26.613
1749562286812.0,SPECTRO_4112,,,,,0.199,0.199,512.0,20.0,3.0,20.0,101.0,0.0,1749562286812.0,2025-06-10 13:31:26.812
1749562287012.0,SPECTRO_4112,,,,,0.202,0.202,512.0,24.0,2.0,24.0,119.0,0.0,1749562287012.0,2025-06-10 13:31:27.012
1749562287212.0,SPECTRO_4112,,,,,0.197,0.197,512.0,27.0,3.0,27.0,137.0,2.0,1749562287212.0,2025-06-10 13:31:27.212
1749562287412.0,SPECTRO_4112,,,,,0.2,0.2,512.0,30.0,3.0,30.0,150.0,1.0,1749562287412.0,2025-06-10 13:31:27.412
1749562287612.0,SPECTRO_4112,,,,,0.2,0.2,512.0,21.0,2.0,21.0,105.0,0.0,1749562287612.0,2025-06-10 13:31:27.612
1749562287812.0,SPECTRO_4112,,,,,0.2,0.2,512.0,29.0,2.0,29.0,145.0,1.0,1749562287812.0,2025-06-10 13:31:27.812
1749562288012.0,SPECTRO_4112,,,,,0.199,0.199,512.0,15.0,2.0,15.0,75.0,2.0,1749562288012.0,2025-06-10 13:31:28.012
1749562288212.0,SPECTRO_4112,,,,,0.2,0.2,512.0,20.0,2.0,20.0,100.0,0.0,1749562288212.0,2025-06-10 13:31:28.212
1749562288412.0,SPECTRO_4112,,,,,0.199,0.199,512.0,13.0,1.0,13.0,65.0,1.0,1749562288412.0,2025-06-10 13:31:28.412
1749562288613.0,SPECTRO_4112,,,,,0.201,0.201,512.0,22.0,2.0,22.0,109.0,0.0,1749562288613.0,2025-06-10 13:31:28.613
1749562288814.0,SPECTRO_4112,,,,,0.2,0.2,512.0,24.0,2.0,24.0,120.0,1.0,1749562288814.0,2025-06-10 13:31:28.814
1749562289014.0,SPECTRO_4112,,,,,0.2,0.2,512.0,29.0,2.0,29.0,145.0,0.0,1749562289014.0,2025-06-10 13:31:29.014
1749562289217.0,SPECTRO_4112,,,,,0.202,0.202,512.0,18.0,2.0,18.0,89.0,1.0,1749562289217.0,2025-06-10 13:31:29.217
1749562289415.0,SPECTRO_4112,,,,,0.198,0.198,512.0,29.0,3.0,29.0,146.0,2.0,1749562289415.0,2025-06-10 13:31:29.415
1749562289616.0,SPECTRO_4112,,,,,0.2,0.2,512.0,7.0,1.0,7.0,35.0,0.0,1749562289616.0,2025-06-10 13:31:29.616
1749562289818.0,SPECTRO_4112,,,,,0.201,0.201,512.0,22.0,2.0,22.0,109.0,0.0,1749562289818.0,2025-06-10 13:31:29.818
1749562290017.0,SPECTRO_4112,,,,,0.199,0.199,512.0,25.0,3.0,25.0,126.0,1.0,1749562290017.0,2025-06-10 13:31:30.017
1749562290218.0,SPECTRO_4112,,,,,0.2,0.2,512.0,21.0,3.0,21.0,105.0,2.0,1749562290218.0,2025-06-10 13:31:30.218
1749562290417.0,SPECTRO_4112,,,,,0.198,0.198,512.0,27.0,2.0,27.0,136.0,0.0,1749562290417.0,2025-06-10 13:31:30.417
1749562290618.0,SPECTRO_4112,,,,,0.201,0.201,512.0,24.0,2.0,24.0,119.0,0.0,1749562290618.0,2025-06-10 13:31:30.618
1749562290820.0,SPECTRO_4112,,,,,0.201,0.201,512.0,16.0,1.0,16.0,80.0,1.0,1749562290820.0,2025-06-10 13:31:30.820
1749562291020.0,SPECTRO_4112,,,,,0.199,0.199,512.0,23.0,2.0,23.0,116.0,0.0,1749562291020.0,2025-06-10 13:31:31.020
1749562291221.0,SPECTRO_4112,,,,,0.2,0.2,512.0,21.0,2.0,21.0,105.0,0.0,1749562291221.0,2025-06-10 13:31:31.221
1749562291420.0,SPECTRO_4112,,,,,0.199,0.199,512.0,25.0,3.0,25.0,126.0,0.0,1749562291420.0,2025-06-10 13:31:31.420
1749562291624.0,SPECTRO_4112,,,,,0.204,0.204,512.0,33.0,3.0,33.0,162.0,0.0,1749562291624.0,2025-06-10 13:31:31.624
1749562291821.0,SPECTRO_4112,,,,,0.196,0.196,512.0,29.0,3.0,29.0,148.0,0.0,1749562291821.0,2025-06-10 13:31:31.821
1749562292022.0,SPECTRO_4112,,,,,0.2,0.2,512.0,29.0,2.0,29.0,145.0,2.0,1749562292022.0,2025-06-10 13:31:32.022
1749562292223.0,SPECTRO_4112,,,,,0.201,0.201,512.0,29.0,3.0,29.0,144.0,0.0,1749562292223.0,2025-06-10 13:31:32.223
1749562292423.0,SPECTRO_4112,,,,,0.199,0.199,512.0,23.0,2.0,23.0,116.0,2.0,1749562292423.0,2025-06-10 13:31:32.423
1749562292622.0,SPECTRO_4112,,,,,0.199,0.199,512.0,29.0,3.0,29.0,146.0,1.0,1749562292622.0,2025-06-10 13:31:32.622
1749562292822.0,SPECTRO_4112,,,,,0.199,0.199,512.0,30.0,4.0,30.0,151.0,1.0,1749562292822.0,2025-06-10 13:31:32.822
1749562293024.0,SPECTRO_4112,,,,,0.202,0.202,512.0,31.0,2.0,31.0,153.0,0.0,1749562293024.0,2025-06-10 13:31:33.024
1749562293222.0,SPECTRO_4112,,,,,0.198,0.198,512.0,23.0,2.0,23.0,116.0,0.0,1749562293222.0,2025-06-10 13:31:33.222
1749562293422.0,SPECTRO_4112,,,,,0.199,0.199,512.0,23.0,2.0,23.0,116.0,0.0,1749562293422.0,2025-06-10 13:31:33.422
1749562293622.0,SPECTRO_4112,,,,,0.199,0.199,512.0,20.0,3.0,20.0,101.0,1.0,1749562293622.0,2025-06-10 13:31:33.622
1749562293822.0,SPECTRO_4112,,,,,0.2,0.2,512.0,18.0,1.0,18.0,90.0,0.0,1749562293822.0,2025-06-10 13:31:33.822
1749562294024.0,SPECTRO_4112,,,,,0.202,0.202,512.0,19.0,2.0,19.0,94.0,0.0,1749562294024.0,2025-06-10 13:31:34.024
1749562294223.0,SPECTRO_4112,,,,,0.198,0.198,512.0,31.0,3.0,31.0,157.0,1.0,1749562294223.0,2025-06-10 13:31:34.223
1749562294424.0,SPECTRO_4112,,,,,0.2,0.2,512.0,23.0,2.0,23.0,115.0,1.0,1749562294424.0,2025-06-10 13:31:34.424
1749562294623.0,SPECTRO_4112,,,,,0.199,0.199,512.0,34.0,2.0,34.0,171.0,2.0,1749562294623.0,2025-06-10 13:31:34.623
1749562294824.0,SPECTRO_4112,,,,,0.2,0.2,512.0,20.0,2.0,20.0,100.0,0.0,1749562294824.0,2025-06-10 13:31:34.824
1749562295026.0,SPECTRO_4112,,,,,0.203,0.203,512.0,27.0,2.0,27.0,133.0,0.0,1749562295026.0,2025-06-10 13:31:35.026
1749562295225.0,SPECTRO_4112,,,,,0.197,0.197,512.0,38.0,3.0,38.0,193.0,1.0,1749562295225.0,2025-06-10 13:31:35.225
1749562295425.0,SPECTRO_4112,,,,,0.2,0.2,512.0,28.0,3.0,28.0,140.0,0.0,1749562295425.0,2025-06-10 13:31:35.425
1749562295625.0,SPECTRO_4112,,,,,0.199,0.199,512.0,27.0,3.0,27.0,136.0,1.0,1749562295625.0,2025-06-10 13:31:35.625
1749562295826.0,SPECTRO_4112,,,,,0.2,0.2,512.0,26.0,2.0,26.0,130.0,0.0,1749562295826.0,2025-06-10 13:31:35.826
1749562296029.0,SPECTRO_4112,,,,,0.202,0.202,512.0,18.0,3.0,18.0,89.0,0.0,1749562296029.0,2025-06-10 13:31:36.029
1749562296228.0,SPECTRO_4112,,,,,0.198,0.198,512.0,28.0,2.0,28.0,141.0,0.0,1749562296228.0,2025-06-10 13:31:36.228
1749562296427.0,SPECTRO_4112,,,,,0.199,0.199,512.0,27.0,2.0,27.0,136.0,0.0,1749562296427.0,2025-06-10 13:31:36.427
1749562296628.0,SPECTRO_4112,,,,,0.201,0.201,512.0,23.0,2.0,23.0,114.0,0.0,1749562296628.0,2025-06-10 13:31:36.628
1749562296829.0,SPECTRO_4112,,,,,0.2,0.2,512.0,25.0,2.0,25.0,125.0,0.0,1749562296829.0,2025-06-10 13:31:36.829
1749562297029.0,SPECTRO_4112,,,,,0.199,0.199,512.0,28.0,2.0,28.0,141.0,2.0,1749562297029.0,2025-06-10 13:31:37.029
1749562297230.0,SPECTRO_4112,,,,,0.2,0.2,512.0,26.0,3.0,26.0,130.0,0.0,1749562297230.0,2025-06-10 13:31:37.230
1749562297431.0,SPECTRO_4112,,,,,0.2,0.2,512.0,28.0,2.0,28.0,140.0,0.0,1749562297431.0,2025-06-10 13:31:37.431
1749562297630.0,SPECTRO_4112,,,,,0.199,0.199,512.0,21.0,3.0,21.0,106.0,0.0,1749562297630.0,2025-06-10 13:31:37.630
1749562297830.0,SPECTRO_4112,,,,,0.199,0.199,512.0,24.0,4.0,24.0,121.0,0.0,1749562297830.0,2025-06-10 13:31:37.830
1749562298032.0,SPECTRO_4112,,,,,0.202,0.202,512.0,23.0,3.0,23.0,114.0,0.0,1749562298032.0,2025-06-10 13:31:38.032
1749562298231.0,SPECTRO_4112,,,,,0.198,0.198,512.0,22.0,2.0,22.0,111.0,0.0,1749562298231.0,2025-06-10 13:31:38.231
1749562298431.0,SPECTRO_4112,,,,,0.2,0.2,512.0,26.0,3.0,26.0,130.0,1.0,1749562298431.0,2025-06-10 13:31:38.431
1749562298631.0,SPECTRO_4112,,,,,0.199,0.199,512.0,27.0,2.0,27.0,136.0,0.0,1749562298631.0,2025-06-10 13:31:38.631
1749562298834.0,SPECTRO_4112,,,,,0.202,0.202,512.0,33.0,2.0,33.0,163.0,0.0,1749562298834.0,2025-06-10 13:31:38.834
1749562299031.0,SPECTRO_4112,,,,,0.197,0.197,512.0,27.0,2.0,27.0,137.0,0.0,1749562299031.0,2025-06-10 13:31:39.031
1749562299231.0,SPECTRO_4112,,,,,0.199,0.199,512.0,32.0,3.0,32.0,161.0,0.0,1749562299231.0,2025-06-10 13:31:39.231
1749562299431.0,SPECTRO_4112,,,,,0.199,0.199,512.0,23.0,2.0,23.0,116.0,0.0,1749562299431.0,2025-06-10 13:31:39.431
1749562299633.0,SPECTRO_4112,,,,,0.205,0.205,512.0,17.0,2.0,17.0,83.0,0.0,1749562299633.0,2025-06-10 13:31:39.633
1749562299831.0,SPECTRO_4112,,,,,0.195,0.195,512.0,23.0,3.0,23.0,118.0,1.0,1749562299831.0,2025-06-10 13:31:39.831
1749562300031.0,SPECTRO_4112,,,,,0.199,0.199,512.0,26.0,2.0,26.0,131.0,0.0,1749562300031.0,2025-06-10 13:31:40.031
1749562300234.0,SPECTRO_4112,,,,,0.203,0.203,512.0,28.0,1.0,28.0,138.0,1.0,1749562300234.0,2025-06-10 13:31:40.234
1749562300435.0,SPECTRO_4112,,,,,0.201,0.201,512.0,25.0,2.0,25.0,124.0,1.0,1749562300435.0,2025-06-10 13:31:40.435
1749562300632.0,SPECTRO_4112,,,,,0.196,0.196,512.0,17.0,2.0,17.0,87.0,0.0,1749562300632.0,2025-06-10 13:31:40.632
1749562300832.0,SPECTRO_4112,,,,,0.2,0.2,512.0,26.0,2.0,26.0,130.0,0.0,1749562300832.0,2025-06-10 13:31:40.832
1749562301032.0,SPECTRO_4112,,,,,0.199,0.199,512.0,28.0,3.0,28.0,141.0,0.0,1749562301032.0,2025-06-10 13:31:41.032
1749562301237.0,SPECTRO_4112,,,,,0.205,0.205,512.0,21.0,2.0,21.0,102.0,1.0,1749562301237.0,2025-06-10 13:31:41.237
1749562301432.0,SPECTRO_4112,,,,,0.194,0.194,512.0,36.0,2.0,36.0,186.0,0.0,1749562301432.0,2025-06-10 13:31:41.432
1749562301632.0,SPECTRO_4112,,,,,0.199,0.199,512.0,28.0,3.0,28.0,141.0,1.0,1749562301632.0,2025-06-10 13:31:41.632
1749562301833.0,SPECTRO_4112,,,,,0.2,0.2,512.0,34.0,2.0,34.0,170.0,0.0,1749562301833.0,2025-06-10 13:31:41.833
1749562302037.0,SPECTRO_4112,,,,,0.204,0.204,512.0,20.0,2.0,20.0,98.0,2.0,1749562302037.0,2025-06-10 13:31:42.037
1749562302233.0,SPECTRO_4112,,,,,0.196,0.196,512.0,25.0,1.0,25.0,128.0,1.0,1749562302233.0,2025-06-10 13:31:42.233
1749562302434.0,SPECTRO_4112,,,,,0.2,0.2,512.0,22.0,3.0,22.0,110.0,0.0,1749562302434.0,2025-06-10 13:31:42.434
1749562302633.0,SPECTRO_4112,,,,,0.199,0.199,512.0,32.0,3.0,32.0,161.0,0.0,1749562302633.0,2025-06-10 13:31:42.633
1749562302834.0,SPECTRO_4112,,,,,0.2,0.2,512.0,26.0,2.0,26.0,130.0,0.0,1749562302834.0,2025-06-10 13:31:42.834
1749562303035.0,SPECTRO_4112,,,,,0.201,0.201,512.0,22.0,2.0,22.0,109.0,0.0,1749562303035.0,2025-06-10 13:31:43.035
1749562303235.0,SPECTRO_4112,,,,,0.199,0.199,512.0,22.0,2.0,22.0,111.0,0.0,1749562303235.0,2025-06-10 13:31:43.235
1749562303435.0,SPECTRO_4112,,,,,0.199,0.199,512.0,20.0,2.0,20.0,101.0,0.0,1749562303435.0,2025-06-10 13:31:43.435
1749562303636.0,SPECTRO_4112,,,,,0.201,0.201,512.0,29.0,2.0,29.0,144.0,1.0,1749562303636.0,2025-06-10 13:31:43.636
1749562303836.0,SPECTRO_4112,,,,,0.199,0.199,512.0,19.0,2.0,19.0,95.0,0.0,1749562303836.0,2025-06-10 13:31:43.836
1749562304036.0,SPECTRO_4112,,,,,0.2,0.2,512.0,19.0,2.0,19.0,95.0,0.0,1749562304036.0,2025-06-10 13:31:44.036
1749562304236.0,SPECTRO_4112,,,,,0.199,0.199,512.0,30.0,3.0,30.0,151.0,0.0,1749562304236.0,2025-06-10 13:31:44.236
1749562304436.0,SPECTRO_4112,,,,,0.2,0.2,512.0,36.0,4.0,36.0,180.0,0.0,1749562304436.0,2025-06-10 13:31:44.436
1749562304638.0,SPECTRO_4112,,,,,0.201,0.201,512.0,27.0,2.0,27.0,134.0,1.0,1749562304638.0,2025-06-10 13:31:44.638
1749562304836.0,SPECTRO_4112,,,,,0.198,0.198,512.0,26.0,4.0,26.0,131.0,4.0,1749562304836.0,2025-06-10 13:31:44.836
1749562305042.0,SPECTRO_4112,,,,,0.205,0.205,512.0,23.0,3.0,23.0,112.0,1.0,1749562305042.0,2025-06-10 13:31:45.042
1749562305237.0,SPECTRO_4112,,,,,0.195,0.195,512.0,29.0,2.0,29.0,149.0,0.0,1749562305237.0,2025-06-10 13:31:45.237
1749562305436.0,SPECTRO_4112,,,,,0.198,0.198,512.0,23.0,2.0,23.0,116.0,0.0,1749562305436.0,2025-06-10 13:31:45.436
1749562305636.0,SPECTRO_4112,,,,,0.199,0.199,512.0,28.0,3.0,28.0,141.0,2.0,1749562305636.0,2025-06-10 13:31:45.636
1749562305836.0,SPECTRO_4112,,,,,0.2,0.2,512.0,25.0,1.0,25.0,125.0,1.0,1749562305836.0,2025-06-10 13:31:45.836
1749562306037.0,SPECTRO_4112,,,,,0.201,0.201,512.0,24.0,2.0,24.0,119.0,2.0,1749562306037.0,2025-06-10 13:31:46.037
1749562306238.0,SPECTRO_4112,,,,,0.2,0.2,512.0,29.0,3.0,29.0,145.0,1.0,1749562306238.0,2025-06-10 13:31:46.238
1749562306437.0,SPECTRO_4112,,,,,0.199,0.199,512.0,28.0,3.0,28.0,141.0,1.0,1749562306437.0,2025-06-10 13:31:46.437
1749562306637.0,SPECTRO_4112,,,,,0.199,0.199,512.0,29.0,3.0,29.0,146.0,1.0,1749562306637.0,2025-06-10 13:31:46.637
1749562306837.0,SPECTRO_4112,,,,,0.2,0.2,512.0,24.0,3.0,24.0,120.0,0.0,1749562306837.0,2025-06-10 13:31:46.837
1749562307037.0,SPECTRO_4112,,,,,0.199,0.199,512.0,25.0,2.0,25.0,126.0,0.0,1749562307037.0,2025-06-10 13:31:47.037
1749562307237.0,SPECTRO_4112,,,,,0.2,0.2,512.0,32.0,4.0,32.0,160.0,0.0,1749562307237.0,2025-06-10 13:31:47.237
1749562307437.0,SPECTRO_4112,,,,,0.199,0.199,512.0,28.0,3.0,28.0,141.0,0.0,1749562307437.0,2025-06-10 13:31:47.437
1749562307652.0,SPECTRO_4112,,,,,0.215,0.215,512.0,35.0,4.0,35.0,163.0,0.0,1749562307652.0,2025-06-10 13:31:47.652
1749562307837.0,SPECTRO_4112,,,,,0.184,0.184,512.0,36.0,2.0,36.0,196.0,0.0,1749562307837.0,2025-06-10 13:31:47.837
1749562308037.0,SPECTRO_4112,,,,,0.199,0.199,512.0,27.0,2.0,27.0,136.0,0.0,1749562308037.0,2025-06-10 13:31:48.037
1749562308239.0,SPECTRO_4112,,,,,0.202,0.202,512.0,25.0,2.0,25.0,124.0,0.0,1749562308239.0,2025-06-10 13:31:48.239
1749562308438.0,SPECTRO_4112,,,,,0.198,0.198,512.0,29.0,3.0,29.0,146.0,1.0,1749562308438.0,2025-06-10 13:31:48.438
1749562308638.0,SPECTRO_4112,,,,,0.199,0.199,512.0,22.0,2.0,22.0,111.0,0.0,1749562308638.0,2025-06-10 13:31:48.638
1749562308840.0,SPECTRO_4112,,,,,0.201,0.201,512.0,17.0,2.0,17.0,85.0,1.0,1749562308840.0,2025-06-10 13:31:48.840
1749562309038.0,SPECTRO_4112,,,,,0.197,0.197,512.0,19.0,2.0,19.0,96.0,0.0,1749562309038.0,2025-06-10 13:31:49.038
1749562309239.0,SPECTRO_4112,,,,,0.201,0.201,512.0,29.0,2.0,29.0,144.0,0.0,1749562309239.0,2025-06-10 13:31:49.239
1749562309441.0,SPECTRO_4112,,,,,0.202,0.202,512.0,31.0,2.0,31.0,153.0,1.0,1749562309441.0,2025-06-10 13:31:49.441
1749562309641.0,SPECTRO_4112,,,,,0.199,0.199,512.0,17.0,2.0,17.0,85.0,1.0,1749562309641.0,2025-06-10 13:31:49.641
1749562309840.0,SPECTRO_4112,,,,,0.199,0.199,512.0,20.0,2.0,20.0,101.0,1.0,1749562309840.0,2025-06-10 13:31:49.840
1749562310041.0,SPECTRO_4112,,,,,0.2,0.2,512.0,14.0,2.0,14.0,70.0,0.0,1749562310041.0,2025-06-10 13:31:50.041
1749562310240.0,SPECTRO_4112,,,,,0.199,0.199,512.0,21.0,3.0,21.0,106.0,0.0,1749562310240.0,2025-06-10 13:31:50.240
1749562310444.0,SPECTRO_4112,,,,,0.204,0.204,512.0,26.0,2.0,26.0,127.0,0.0,1749562310444.0,2025-06-10 13:31:50.444
1749562310642.0,SPECTRO_4112,,,,,0.197,0.197,512.0,29.0,3.0,29.0,147.0,0.0,1749562310642.0,2025-06-10 13:31:50.642
1749562310841.0,SPECTRO_4112,,,,,0.199,0.199,512.0,25.0,3.0,25.0,126.0,3.0,1749562310841.0,2025-06-10 13:31:50.841
1749562311042.0,SPECTRO_4112,,,,,0.2,0.2,512.0,20.0,2.0,20.0,100.0,1.0,1749562311042.0,2025-06-10 13:31:51.042
1749562311242.0,SPECTRO_4112,,,,,0.2,0.2,512.0,29.0,2.0,29.0,145.0,1.0,1749562311242.0,2025-06-10 13:31:51.242
1749562311442.0,SPECTRO_4112,,,,,0.2,0.2,512.0,25.0,3.0,25.0,125.0,1.0,1749562311442.0,2025-06-10 13:31:51.442
1749562311642.0,SPECTRO_4112,,,,,0.2,0.2,512.0,25.0,3.0,25.0,125.0,0.0,1749562311642.0,2025-06-10 13:31:51.642
1749562311842.0,SPECTRO_4112,,,,,0.199,0.199,512.0,25.0,2.0,25.0,126.0,0.0,1749562311842.0,2025-06-10 13:31:51.842
1749562312043.0,SPECTRO_4112,,,,,0.2,0.2,512.0,28.0,2.0,28.0,140.0,0.0,1749562312043.0,2025-06-10 13:31:52.043
1749562312243.0,SPECTRO_4112,,,,,0.2,0.2,512.0,24.0,2.0,24.0,120.0,1.0,1749562312243.0,2025-06-10 13:31:52.243
1749562312443.0,SPECTRO_4112,,,,,0.199,0.199,512.0,22.0,4.0,22.0,111.0,0.0,1749562312443.0,2025-06-10 13:31:52.443
1749562312643.0,SPECTRO_4112,,,,,0.199,0.199,512.0,24.0,2.0,24.0,121.0,0.0,1749562312643.0,2025-06-10 13:31:52.643
1749562312844.0,SPECTRO_4112,,,,,0.2,0.2,512.0,26.0,2.0,26.0,130.0,1.0,1749562312844.0,2025-06-10 13:31:52.844
1749562313043.0,SPECTRO_4112,,,,,0.199,0.199,512.0,19.0,2.0,19.0,95.0,0.0,1749562313043.0,2025-06-10 13:31:53.043
1749562313243.0,SPECTRO_4112,,,,,0.199,0.199,512.0,20.0,1.0,20.0,101.0,1.0,1749562313243.0,2025-06-10 13:31:53.243
1749562313444.0,SPECTRO_4112,,,,,0.201,0.201,512.0,22.0,3.0,22.0,109.0,1.0,1749562313444.0,2025-06-10 13:31:53.444
1749562313645.0,SPECTRO_4112,,,,,0.2,0.2,512.0,27.0,3.0,27.0,135.0,1.0,1749562313645.0,2025-06-10 13:31:53.645
1749562313846.0,SPECTRO_4112,,,,,0.2,0.2,512.0,28.0,3.0,28.0,140.0,0.0,1749562313846.0,2025-06-10 13:31:53.846
1749562314046.0,SPECTRO_4112,,,,,0.2,0.2,512.0,29.0,2.0,29.0,145.0,1.0,1749562314046.0,2025-06-10 13:31:54.046
1749562314247.0,SPECTRO_4112,,,,,0.201,0.201,512.0,26.0,2.0,26.0,129.0,0.0,1749562314247.0,2025-06-10 13:31:54.247
1749562314446.0,SPECTRO_4112,,,,,0.198,0.198,512.0,20.0,2.0,20.0,101.0,0.0,1749562314446.0,2025-06-10 13:31:54.446
1749562314647.0,SPECTRO_4112,,,,,0.2,0.2,512.0,32.0,2.0,32.0,160.0,0.0,1749562314647.0,2025-06-10 13:31:54.647
1749562314848.0,SPECTRO_4112,,,,,0.2,0.2,512.0,20.0,3.0,20.0,100.0,0.0,1749562314848.0,2025-06-10 13:31:54.848
1749562315047.0,SPECTRO_4112,,,,,0.199,0.199,512.0,26.0,2.0,26.0,131.0,0.0,1749562315047.0,2025-06-10 13:31:55.047
1749562315248.0,SPECTRO_4112,,,,,0.2,0.2,512.0,27.0,2.0,27.0,135.0,0.0,1749562315248.0,2025-06-10 13:31:55.248
1749562315449.0,SPECTRO_4112,,,,,0.201,0.201,512.0,24.0,5.0,24.0,119.0,1.0,1749562315449.0,2025-06-10 13:31:55.449
1749562315652.0,SPECTRO_4112,,,,,0.206,0.206,512.0,21.0,2.0,21.0,102.0,1.0,1749562315652.0,2025-06-10 13:31:55.652
1749562315849.0,SPECTRO_4112,,,,,0.193,0.193,512.0,27.0,3.0,27.0,140.0,0.0,1749562315849.0,2025-06-10 13:31:55.849
1749562316050.0,SPECTRO_4112,,,,,0.2,0.2,512.0,19.0,2.0,19.0,95.0,0.0,1749562316050.0,2025-06-10 13:31:56.050
1749562316250.0,SPECTRO_4112,,,,,0.2,0.2,512.0,32.0,2.0,32.0,160.0,0.0,1749562316250.0,2025-06-10 13:31:56.250
1749562316451.0,SPECTRO_4112,,,,,0.2,0.2,512.0,24.0,2.0,24.0,120.0,1.0,1749562316451.0,2025-06-10 13:31:56.451
1749562316651.0,SPECTRO_4112,,,,,0.199,0.199,512.0,17.0,3.0,17.0,85.0,0.0,1749562316651.0,2025-06-10 13:31:56.651
1749562316851.0,SPECTRO_4112,,,,,0.2,0.2,512.0,25.0,2.0,25.0,125.0,1.0,1749562316851.0,2025-06-10 13:31:56.851
1749562317053.0,SPECTRO_4112,,,,,0.202,0.202,512.0,21.0,2.0,21.0,104.0,0.0,1749562317053.0,2025-06-10 13:31:57.053
1749562317251.0,SPECTRO_4112,,,,,0.198,0.198,512.0,30.0,3.0,30.0,152.0,0.0,1749562317251.0,2025-06-10 13:31:57.251
1749562317454.0,SPECTRO_4112,,,,,0.202,0.202,512.0,27.0,3.0,27.0,134.0,0.0,1749562317454.0,2025-06-10 13:31:57.454
1749562317651.0,SPECTRO_4112,,,,,0.197,0.197,512.0,35.0,2.0,35.0,178.0,0.0,1749562317651.0,2025-06-10 13:31:57.651
1749562317852.0,SPECTRO_4112,,,,,0.2,0.2,512.0,15.0,1.0,15.0,75.0,0.0,1749562317852.0,2025-06-10 13:31:57.852
1749562318052.0,SPECTRO_4112,,,,,0.2,0.2,512.0,26.0,2.0,26.0,130.0,2.0,1749562318052.0,2025-06-10 13:31:58.052
1749562318252.0,SPECTRO_4112,,,,,0.201,0.201,512.0,20.0,3.0,20.0,100.0,0.0,1749562318252.0,2025-06-10 13:31:58.252
1749562318453.0,SPECTRO_4112,,,,,0.2,0.2,512.0,21.0,3.0,21.0,105.0,0.0,1749562318453.0,2025-06-10 13:31:58.453
1749562318652.0,SPECTRO_4112,,,,,0.199,0.199,512.0,32.0,3.0,32.0,161.0,0.0,1749562318652.0,2025-06-10 13:31:58.652
1749562318853.0,SPECTRO_4112,,,,,0.2,0.2,512.0,25.0,2.0,25.0,125.0,0.0,1749562318853.0,2025-06-10 13:31:58.853
1749562319055.0,SPECTRO_4112,,,,,0.202,0.202,512.0,29.0,3.0,29.0,144.0,0.0,1749562319055.0,2025-06-10 13:31:59.055
1749562319255.0,SPECTRO_4112,,,,,0.199,0.199,512.0,19.0,2.0,19.0,95.0,0.0,1749562319255.0,2025-06-10 13:31:59.255
1749562319456.0,SPECTRO_4112,,,,,0.201,0.201,512.0,23.0,2.0,23.0,114.0,1.0,1749562319456.0,2025-06-10 13:31:59.456
1749562319657.0,SPECTRO_4112,,,,,0.2,0.2,512.0,31.0,3.0,31.0,155.0,2.0,1749562319657.0,2025-06-10 13:31:59.657
1749562319856.0,SPECTRO_4112,,,,,0.199,0.199,512.0,24.0,3.0,24.0,121.0,2.0,1749562319856.0,2025-06-10 13:31:59.856
1749562320056.0,SPECTRO_4112,,,,,0.199,0.199,512.0,22.0,2.0,22.0,111.0,0.0,1749562320056.0,2025-06-10 13:32:00.056
1749562320256.0,SPECTRO_4112,,,,,0.2,0.2,512.0,20.0,3.0,20.0,100.0,0.0,1749562320256.0,2025-06-10 13:32:00.256
1749562320456.0,SPECTRO_4112,,,,,0.199,0.199,512.0,20.0,2.0,20.0,101.0,1.0,1749562320456.0,2025-06-10 13:32:00.456
1749562320658.0,SPECTRO_4112,,,,,0.201,0.201,512.0,15.0,1.0,15.0,75.0,1.0,1749562320658.0,2025-06-10 13:32:00.658
1749562320857.0,SPECTRO_4112,,,,,0.199,0.199,512.0,13.0,1.0,13.0,65.0,0.0,1749562320857.0,2025-06-10 13:32:00.857
1749562321057.0,SPECTRO_4112,,,,,0.199,0.199,512.0,19.0,2.0,19.0,95.0,1.0,1749562321057.0,2025-06-10 13:32:01.057
1749562321257.0,SPECTRO_4112,,,,,0.199,0.199,512.0,25.0,3.0,25.0,126.0,1.0,1749562321257.0,2025-06-10 13:32:01.257
1749562321457.0,SPECTRO_4112,,,,,0.199,0.199,512.0,30.0,2.0,30.0,151.0,0.0,1749562321457.0,2025-06-10 13:32:01.457
1749562321656.0,SPECTRO_4112,,,,,0.199,0.199,512.0,23.0,3.0,23.0,116.0,2.0,1749562321656.0,2025-06-10 13:32:01.656
1749562321856.0,SPECTRO_4112,,,,,0.2,0.2,512.0,21.0,1.0,21.0,105.0,0.0,1749562321856.0,2025-06-10 13:32:01.856
1749562322057.0,SPECTRO_4112,,,,,0.2,0.2,512.0,18.0,2.0,18.0,90.0,0.0,1749562322057.0,2025-06-10 13:32:02.057
1749562322257.0,SPECTRO_4112,,,,,0.199,0.199,512.0,32.0,2.0,32.0,161.0,0.0,1749562322257.0,2025-06-10 13:32:02.257
1749562322456.0,SPECTRO_4112,,,,,0.2,0.2,512.0,27.0,1.0,27.0,135.0,0.0,1749562322456.0,2025-06-10 13:32:02.456
1749562322657.0,SPECTRO_4112,,,,,0.201,0.201,512.0,28.0,2.0,28.0,139.0,0.0,1749562322657.0,2025-06-10 13:32:02.657
1749562322856.0,SPECTRO_4112,,,,,0.198,0.198,512.0,26.0,2.0,26.0,131.0,2.0,1749562322856.0,2025-06-10 13:32:02.856
1749562323057.0,SPECTRO_4112,,,,,0.2,0.2,512.0,18.0,2.0,18.0,90.0,0.0,1749562323057.0,2025-06-10 13:32:03.057
1749562323257.0,SPECTRO_4112,,,,,0.2,0.2,512.0,23.0,3.0,23.0,115.0,0.0,1749562323257.0,2025-06-10 13:32:03.257
1749562323459.0,SPECTRO_4112,,,,,0.202,0.202,512.0,27.0,3.0,27.0,134.0,0.0,1749562323459.0,2025-06-10 13:32:03.459
1749562323657.0,SPECTRO_4112,,,,,0.197,0.197,512.0,20.0,2.0,20.0,102.0,1.0,1749562323657.0,2025-06-10 13:32:03.657
1749562323857.0,SPECTRO_4112,,,,,0.199,0.199,512.0,23.0,3.0,23.0,116.0,0.0,1749562323857.0,2025-06-10 13:32:03.857
1749562324057.0,SPECTRO_4112,,,,,0.2,0.2,512.0,26.0,2.0,26.0,130.0,0.0,1749562324057.0,2025-06-10 13:32:04.057
1749562324256.0,SPECTRO_4112,,,,,0.199,0.199,512.0,31.0,2.0,31.0,156.0,0.0,1749562324256.0,2025-06-10 13:32:04.256
1749562324456.0,SPECTRO_4112,,,,,0.199,0.199,512.0,27.0,4.0,27.0,136.0,0.0,1749562324456.0,2025-06-10 13:32:04.456
1749562324656.0,SPECTRO_4112,,,,,0.199,0.199,512.0,30.0,3.0,30.0,151.0,0.0,1749562324656.0,2025-06-10 13:32:04.656
1749562324857.0,SPECTRO_4112,,,,,0.201,0.201,512.0,19.0,1.0,19.0,95.0,1.0,1749562324857.0,2025-06-10 13:32:04.857
1749562325057.0,SPECTRO_4112,,,,,0.2,0.2,512.0,23.0,2.0,23.0,115.0,0.0,1749562325057.0,2025-06-10 13:32:05.057
1749562325258.0,SPECTRO_4112,,,,,0.2,0.2,512.0,29.0,2.0,29.0,145.0,0.0,1749562325258.0,2025-06-10 13:32:05.258
1749562325461.0,SPECTRO_4112,,,,,0.202,0.202,512.0,24.0,1.0,24.0,119.0,1.0,1749562325461.0,2025-06-10 13:32:05.461
1749562325659.0,SPECTRO_4112,,,,,0.198,0.198,512.0,29.0,2.0,29.0,146.0,0.0,1749562325659.0,2025-06-10 13:32:05.659
1749562325859.0,SPECTRO_4112,,,,,0.199,0.199,512.0,27.0,2.0,27.0,136.0,0.0,1749562325859.0,2025-06-10 13:32:05.859
1749562326060.0,SPECTRO_4112,,,,,0.201,0.201,512.0,25.0,2.0,25.0,124.0,0.0,1749562326060.0,2025-06-10 13:32:06.060
1749562326260.0,SPECTRO_4112,,,,,0.199,0.199,512.0,28.0,3.0,28.0,141.0,0.0,1749562326260.0,2025-06-10 13:32:06.260
1749562326459.0,SPECTRO_4112,,,,,0.199,0.199,512.0,20.0,3.0,20.0,101.0,0.0,1749562326459.0,2025-06-10 13:32:06.459
1749562326660.0,SPECTRO_4112,,,,,0.2,0.2,512.0,25.0,2.0,25.0,125.0,0.0,1749562326660.0,2025-06-10 13:32:06.660
1749562326860.0,SPECTRO_4112,,,,,0.2,0.2,512.0,18.0,2.0,18.0,90.0,0.0,1749562326860.0,2025-06-10 13:32:06.860
1749562327059.0,SPECTRO_4112,,,,,0.198,0.198,512.0,23.0,2.0,23.0,116.0,0.0,1749562327059.0,2025-06-10 13:32:07.059
1749562327261.0,SPECTRO_4112,,,,,0.201,0.201,512.0,14.0,2.0,14.0,70.0,0.0,1749562327261.0,2025-06-10 13:32:07.261
1749562327459.0,SPECTRO_4112,,,,,0.198,0.198,512.0,30.0,3.0,30.0,152.0,0.0,1749562327459.0,2025-06-10 13:32:07.459
1749562327661.0,SPECTRO_4112,,,,,0.201,0.201,512.0,31.0,3.0,31.0,154.0,0.0,1749562327661.0,2025-06-10 13:32:07.661
1749562327860.0,SPECTRO_4112,,,,,0.199,0.199,512.0,27.0,2.0,27.0,136.0,0.0,1749562327860.0,2025-06-10 13:32:07.860
1749562328060.0,SPECTRO_4112,,,,,0.199,0.199,512.0,22.0,2.0,22.0,111.0,1.0,1749562328060.0,2025-06-10 13:32:08.060
1749562328262.0,SPECTRO_4112,,,,,0.202,0.202,512.0,22.0,3.0,22.0,109.0,0.0,1749562328262.0,2025-06-10 13:32:08.262
1749562328466.0,SPECTRO_4112,,,,,0.204,0.204,512.0,37.0,3.0,37.0,181.0,0.0,1749562328466.0,2025-06-10 13:32:08.466
1749562328664.0,SPECTRO_4112,,,,,0.198,0.198,512.0,25.0,3.0,25.0,126.0,1.0,1749562328664.0,2025-06-10 13:32:08.664
1749562328864.0,SPECTRO_4112,,,,,0.199,0.199,512.0,22.0,2.0,22.0,111.0,0.0,1749562328864.0,2025-06-10 13:32:08.864
1749562329067.0,SPECTRO_4112,,,,,0.203,0.203,512.0,21.0,3.0,21.0,103.0,0.0,1749562329067.0,2025-06-10 13:32:09.067
1749562329267.0,SPECTRO_4112,,,,,0.199,0.199,512.0,16.0,2.0,16.0,80.0,0.0,1749562329267.0,2025-06-10 13:32:09.267
1749562329464.0,SPECTRO_4112,,,,,0.196,0.196,512.0,20.0,2.0,20.0,102.0,1.0,1749562329464.0,2025-06-10 13:32:09.464
1749562329665.0,SPECTRO_4112,,,,,0.201,0.201,512.0,31.0,3.0,31.0,154.0,0.0,1749562329665.0,2025-06-10 13:32:09.665
1749562329866.0,SPECTRO_4112,,,,,0.2,0.2,512.0,19.0,1.0,19.0,95.0,0.0,1749562329866.0,2025-06-10 13:32:09.866
1749562330066.0,SPECTRO_4112,,,,,0.199,0.199,512.0,28.0,3.0,28.0,141.0,0.0,1749562330066.0,2025-06-10 13:32:10.066
1749562330268.0,SPECTRO_4112,,,,,0.202,0.202,512.0,23.0,3.0,23.0,114.0,3.0,1749562330268.0,2025-06-10 13:32:10.268
1749562330467.0,SPECTRO_4112,,,,,0.199,0.199,512.0,28.0,2.0,28.0,141.0,0.0,1749562330467.0,2025-06-10 13:32:10.467
1749562330667.0,SPECTRO_4112,,,,,0.199,0.199,512.0,20.0,2.0,20.0,101.0,1.0,1749562330667.0,2025-06-10 13:32:10.667
1749562330868.0,SPECTRO_4112,,,,,0.2,0.2,512.0,21.0,1.0,21.0,105.0,0.0,1749562330868.0,2025-06-10 13:32:10.868
1749562331069.0,SPECTRO_4112,,,,,0.202,0.202,512.0,22.0,2.0,22.0,109.0,0.0,1749562331069.0,2025-06-10 13:32:11.069
1749562331269.0,SPECTRO_4112,,,,,0.199,0.199,512.0,19.0,2.0,19.0,95.0,2.0,1749562331269.0,2025-06-10 13:32:11.269
1749562331469.0,SPECTRO_4112,,,,,0.2,0.2,512.0,36.0,3.0,36.0,180.0,0.0,1749562331469.0,2025-06-10 13:32:11.469
1749562331671.0,SPECTRO_4112,,,,,0.201,0.201,512.0,25.0,2.0,25.0,124.0,0.0,1749562331671.0,2025-06-10 13:32:11.671
1749562331868.0,SPECTRO_4112,,,,,0.196,0.196,512.0,19.0,2.0,19.0,97.0,2.0,1749562331868.0,2025-06-10 13:32:11.868
1749562332069.0,SPECTRO_4112,,,,,0.201,0.201,512.0,21.0,2.0,21.0,104.0,0.0,1749562332069.0,2025-06-10 13:32:12.069
1749562332269.0,SPECTRO_4112,,,,,0.199,0.199,512.0,23.0,2.0,23.0,116.0,0.0,1749562332269.0,2025-06-10 13:32:12.269
1749562332468.0,SPECTRO_4112,,,,,0.199,0.199,512.0,23.0,2.0,23.0,116.0,1.0,1749562332468.0,2025-06-10 13:32:12.468
1749562332668.0,SPECTRO_4112,,,,,0.2,0.2,512.0,24.0,2.0,24.0,120.0,1.0,1749562332668.0,2025-06-10 13:32:12.668
1749562332868.0,SPECTRO_4112,,,,,0.199,0.199,512.0,21.0,2.0,21.0,106.0,0.0,1749562332868.0,2025-06-10 13:32:12.868
1749562333069.0,SPECTRO_4112,,,,,0.2,0.2,512.0,22.0,1.0,22.0,110.0,0.0,1749562333069.0,2025-06-10 13:32:13.069
1749562333269.0,SPECTRO_4112,,,,,0.201,0.201,512.0,25.0,2.0,25.0,124.0,0.0,1749562333269.0,2025-06-10 13:32:13.269
1749562333468.0,SPECTRO_4112,,,,,0.197,0.197,512.0,17.0,2.0,17.0,86.0,0.0,1749562333468.0,2025-06-10 13:32:13.468
1749562333668.0,SPECTRO_4112,,,,,0.2,0.2,512.0,26.0,2.0,26.0,130.0,0.0,1749562333668.0,2025-06-10 13:32:13.668
1749562333869.0,SPECTRO_4112,,,,,0.2,0.2,512.0,29.0,3.0,29.0,145.0,0.0,1749562333869.0,2025-06-10 13:32:13.869
1749562334069.0,SPECTRO_4112,,,,,0.2,0.2,512.0,29.0,2.0,29.0,145.0,1.0,1749562334069.0,2025-06-10 13:32:14.069
1749562334270.0,SPECTRO_4112,,,,,0.201,0.201,512.0,28.0,3.0,28.0,139.0,1.0,1749562334270.0,2025-06-10 13:32:14.270
1749562334469.0,SPECTRO_4112,,,,,0.198,0.198,512.0,15.0,2.0,15.0,76.0,0.0,1749562334469.0,2025-06-10 13:32:14.469
1749562334669.0,SPECTRO_4112,,,,,0.201,0.201,512.0,27.0,2.0,27.0,134.0,0.0,1749562334669.0,2025-06-10 13:32:14.669
1749562334869.0,SPECTRO_4112,,,,,0.199,0.199,512.0,27.0,3.0,27.0,136.0,1.0,1749562334869.0,2025-06-10 13:32:14.869
1749562335069.0,SPECTRO_4112,,,,,0.199,0.199,512.0,25.0,2.0,25.0,126.0,0.0,1749562335069.0,2025-06-10 13:32:15.069
1749562335269.0,SPECTRO_4112,,,,,0.199,0.199,512.0,23.0,2.0,23.0,116.0,1.0,1749562335269.0,2025-06-10 13:32:15.269
1749562335470.0,SPECTRO_4112,,,,,0.201,0.201,512.0,22.0,3.0,22.0,109.0,0.0,1749562335470.0,2025-06-10 13:32:15.470
1749562335670.0,SPECTRO_4112,,,,,0.199,0.199,512.0,29.0,2.0,29.0,146.0,1.0,1749562335670.0,2025-06-10 13:32:15.670
1749562335870.0,SPECTRO_4112,,,,,0.2,0.2,512.0,33.0,2.0,33.0,165.0,1.0,1749562335870.0,2025-06-10 13:32:15.870
1749562336070.0,SPECTRO_4112,,,,,0.2,0.2,512.0,16.0,2.0,16.0,80.0,1.0,1749562336070.0,2025-06-10 13:32:16.070
1749562336270.0,SPECTRO_4112,,,,,0.199,0.199,512.0,30.0,2.0,30.0,151.0,0.0,1749562336270.0,2025-06-10 13:32:16.270
1749562336470.0,SPECTRO_4112,,,,,0.2,0.2,512.0,23.0,2.0,23.0,115.0,1.0,1749562336470.0,2025-06-10 13:32:16.470
1749562336671.0,SPECTRO_4112,,,,,0.2,0.2,512.0,23.0,2.0,23.0,115.0,0.0,1749562336671.0,2025-06-10 13:32:16.671
1749562336871.0,SPECTRO_4112,,,,,0.199,0.199,512.0,29.0,2.0,29.0,146.0,0.0,1749562336871.0,2025-06-10 13:32:16.871
1749562337071.0,SPECTRO_4112,,,,,0.2,0.2,512.0,22.0,2.0,22.0,110.0,1.0,1749562337071.0,2025-06-10 13:32:17.071
1749562337271.0,SPECTRO_4112,,,,,0.2,0.2,512.0,23.0,2.0,23.0,115.0,1.0,1749562337271.0,2025-06-10 13:32:17.271
1749562337471.0,SPECTRO_4112,,,,,0.2,0.2,512.0,27.0,4.0,27.0,135.0,0.0,1749562337471.0,2025-06-10 13:32:17.471
1749562337671.0,SPECTRO_4112,,,,,0.199,0.199,512.0,25.0,2.0,25.0,126.0,0.0,1749562337671.0,2025-06-10 13:32:17.671
1749562337871.0,SPECTRO_4112,,,,,0.2,0.2,512.0,20.0,3.0,20.0,100.0,0.0,1749562337871.0,2025-06-10 13:32:17.871
1749562338071.0,SPECTRO_4112,,,,,0.2,0.2,512.0,28.0,2.0,28.0,140.0,0.0,1749562338071.0,2025-06-10 13:32:18.071
1749562338274.0,SPECTRO_4112,,,,,0.202,0.202,512.0,23.0,2.0,23.0,114.0,0.0,1749562338274.0,2025-06-10 13:32:18.274
1749562338471.0,SPECTRO_4112,,,,,0.197,0.197,512.0,22.0,2.0,22.0,112.0,0.0,1749562338471.0,2025-06-10 13:32:18.471
1749562338671.0,SPECTRO_4112,,,,,0.2,0.2,512.0,22.0,2.0,22.0,110.0,0.0,1749562338671.0,2025-06-10 13:32:18.671
1749562338871.0,SPECTRO_4112,,,,,0.2,0.2,512.0,23.0,3.0,23.0,115.0,1.0,1749562338871.0,2025-06-10 13:32:18.871
1749562339072.0,SPECTRO_4112,,,,,0.2,0.2,512.0,26.0,2.0,26.0,130.0,0.0,1749562339072.0,2025-06-10 13:32:19.072
1749562339273.0,SPECTRO_4112,,,,,0.2,0.2,512.0,26.0,2.0,26.0,130.0,1.0,1749562339273.0,2025-06-10 13:32:19.273
1749562339472.0,SPECTRO_4112,,,,,0.198,0.198,512.0,30.0,2.0,30.0,152.0,0.0,1749562339472.0,2025-06-10 13:32:19.472
1749562339672.0,SPECTRO_4112,,,,,0.2,0.2,512.0,27.0,2.0,27.0,135.0,1.0,1749562339672.0,2025-06-10 13:32:19.672
1749562339873.0,SPECTRO_4112,,,,,0.2,0.2,512.0,14.0,2.0,14.0,70.0,0.0,1749562339873.0,2025-06-10 13:32:19.873
1749562340073.0,SPECTRO_4112,,,,,0.2,0.2,512.0,17.0,2.0,17.0,85.0,0.0,1749562340073.0,2025-06-10 13:32:20.073
1749562340275.0,SPECTRO_4112,,,,,0.201,0.201,512.0,32.0,2.0,32.0,159.0,2.0,1749562340275.0,2025-06-10 13:32:20.275
1749562340475.0,SPECTRO_4112,,,,,0.199,0.199,512.0,23.0,2.0,23.0,116.0,0.0,1749562340475.0,2025-06-10 13:32:20.475
1749562340675.0,SPECTRO_4112,,,,,0.2,0.2,512.0,18.0,2.0,18.0,90.0,0.0,1749562340675.0,2025-06-10 13:32:20.675
1749562340876.0,SPECTRO_4112,,,,,0.2,0.2,512.0,28.0,3.0,28.0,140.0,0.0,1749562340876.0,2025-06-10 13:32:20.876
1749562341076.0,SPECTRO_4112,,,,,0.2,0.2,512.0,32.0,3.0,32.0,160.0,0.0,1749562341076.0,2025-06-10 13:32:21.076
1749562341276.0,SPECTRO_4112,,,,,0.199,0.199,512.0,22.0,3.0,22.0,111.0,1.0,1749562341276.0,2025-06-10 13:32:21.276
1749562341476.0,SPECTRO_4112,,,,,0.199,0.199,512.0,28.0,4.0,28.0,141.0,1.0,1749562341476.0,2025-06-10 13:32:21.476
1749562341678.0,SPECTRO_4112,,,,,0.202,0.202,512.0,26.0,2.0,26.0,129.0,0.0,1749562341678.0,2025-06-10 13:32:21.678
1749562341876.0,SPECTRO_4112,,,,,0.198,0.198,512.0,25.0,2.0,25.0,126.0,2.0,1749562341876.0,2025-06-10 13:32:21.876
1749562342076.0,SPECTRO_4112,,,,,0.199,0.199,512.0,26.0,3.0,26.0,131.0,1.0,1749562342076.0,2025-06-10 13:32:22.076
1749562342276.0,SPECTRO_4112,,,,,0.2,0.2,512.0,20.0,1.0,20.0,100.0,0.0,1749562342276.0,2025-06-10 13:32:22.276
1749562342476.0,SPECTRO_4112,,,,,0.199,0.199,512.0,18.0,2.0,18.0,90.0,0.0,1749562342476.0,2025-06-10 13:32:22.476
1749562342676.0,SPECTRO_4112,,,,,0.2,0.2,512.0,18.0,2.0,18.0,90.0,1.0,1749562342676.0,2025-06-10 13:32:22.676
1749562342876.0,SPECTRO_4112,,,,,0.199,0.199,512.0,20.0,1.0,20.0,101.0,0.0,1749562342876.0,2025-06-10 13:32:22.876
1749562343076.0,SPECTRO_4112,,,,,0.199,0.199,512.0,30.0,2.0,30.0,151.0,0.0,1749562343076.0,2025-06-10 13:32:23.076
1749562343276.0,SPECTRO_4112,,,,,0.2,0.2,512.0,20.0,2.0,20.0,100.0,0.0,1749562343276.0,2025-06-10 13:32:23.276
1749562343477.0,SPECTRO_4112,,,,,0.2,0.2,512.0,21.0,2.0,21.0,105.0,0.0,1749562343477.0,2025-06-10 13:32:23.477
1749562343676.0,SPECTRO_4112,,,,,0.199,0.199,512.0,23.0,2.0,23.0,116.0,0.0,1749562343676.0,2025-06-10 13:32:23.676
1749562343876.0,SPECTRO_4112,,,,,0.199,0.199,512.0,28.0,2.0,28.0,141.0,1.0,1749562343876.0,2025-06-10 13:32:23.876
1749562344077.0,SPECTRO_4112,,,,,0.2,0.2,512.0,19.0,2.0,19.0,95.0,2.0,1749562344077.0,2025-06-10 13:32:24.077
1749562344277.0,SPECTRO_4112,,,,,0.2,0.2,512.0,30.0,2.0,30.0,150.0,1.0,1749562344277.0,2025-06-10 13:32:24.277
1749562344478.0,SPECTRO_4112,,,,,0.2,0.2,512.0,16.0,2.0,16.0,80.0,0.0,1749562344478.0,2025-06-10 13:32:24.478
1749562344678.0,SPECTRO_4112,,,,,0.2,0.2,512.0,22.0,2.0,22.0,110.0,0.0,1749562344678.0,2025-06-10 13:32:24.678
1749562344878.0,SPECTRO_4112,,,,,0.2,0.2,512.0,26.0,2.0,26.0,130.0,1.0,1749562344878.0,2025-06-10 13:32:24.878
1749562345081.0,SPECTRO_4112,,,,,0.202,0.202,512.0,25.0,2.0,25.0,124.0,2.0,1749562345081.0,2025-06-10 13:32:25.081
1749562345278.0,SPECTRO_4112,,,,,0.197,0.197,512.0,22.0,2.0,22.0,112.0,0.0,1749562345278.0,2025-06-10 13:32:25.278
1749562345478.0,SPECTRO_4112,,,,,0.199,0.199,512.0,24.0,2.0,24.0,121.0,0.0,1749562345478.0,2025-06-10 13:32:25.478
1749562345679.0,SPECTRO_4112,,,,,0.2,0.2,512.0,39.0,3.0,39.0,195.0,1.0,1749562345679.0,2025-06-10 13:32:25.679
1749562345879.0,SPECTRO_4112,,,,,0.2,0.2,512.0,26.0,2.0,26.0,130.0,1.0,1749562345879.0,2025-06-10 13:32:25.879
1749562346079.0,SPECTRO_4112,,,,,0.2,0.2,512.0,34.0,2.0,34.0,170.0,0.0,1749562346079.0,2025-06-10 13:32:26.079
1749562346279.0,SPECTRO_4112,,,,,0.2,0.2,512.0,20.0,2.0,20.0,100.0,1.0,1749562346279.0,2025-06-10 13:32:26.279
1749562346479.0,SPECTRO_4112,,,,,0.199,0.199,512.0,20.0,2.0,20.0,101.0,0.0,1749562346479.0,2025-06-10 13:32:26.479
1749562346679.0,SPECTRO_4112,,,,,0.2,0.2,512.0,30.0,3.0,30.0,150.0,1.0,1749562346679.0,2025-06-10 13:32:26.679
1749562346879.0,SPECTRO_4112,,,,,0.199,0.199,512.0,29.0,3.0,29.0,146.0,2.0,1749562346879.0,2025-06-10 13:32:26.879
1749562347079.0,SPECTRO_4112,,,,,0.2,0.2,512.0,27.0,2.0,27.0,135.0,0.0,1749562347079.0,2025-06-10 13:32:27.079
1749562347280.0,SPECTRO_4112,,,,,0.2,0.2,512.0,21.0,2.0,21.0,105.0,1.0,1749562347280.0,2025-06-10 13:32:27.280
1749562347480.0,SPECTRO_4112,,,,,0.199,0.199,512.0,29.0,2.0,29.0,146.0,1.0,1749562347480.0,2025-06-10 13:32:27.480
1749562347680.0,SPECTRO_4112,,,,,0.2,0.2,512.0,31.0,3.0,31.0,155.0,0.0,1749562347680.0,2025-06-10 13:32:27.680
1749562347880.0,SPECTRO_4112,,,,,0.2,0.2,512.0,29.0,2.0,29.0,145.0,1.0,1749562347880.0,2025-06-10 13:32:27.880
1749562348082.0,SPECTRO_4112,,,,,0.201,0.201,512.0,26.0,2.0,26.0,129.0,0.0,1749562348082.0,2025-06-10 13:32:28.082
1749562348281.0,SPECTRO_4112,,,,,0.199,0.199,512.0,37.0,3.0,37.0,186.0,0.0,1749562348281.0,2025-06-10 13:32:28.281
1749562348482.0,SPECTRO_4112,,,,,0.2,0.2,512.0,27.0,2.0,27.0,135.0,0.0,1749562348482.0,2025-06-10 13:32:28.482
1749562348681.0,SPECTRO_4112,,,,,0.199,0.199,512.0,28.0,3.0,28.0,141.0,1.0,1749562348681.0,2025-06-10 13:32:28.681
1749562348882.0,SPECTRO_4112,,,,,0.2,0.2,512.0,19.0,3.0,19.0,95.0,0.0,1749562348882.0,2025-06-10 13:32:28.882
1749562349082.0,SPECTRO_4112,,,,,0.199,0.199,512.0,26.0,2.0,26.0,131.0,0.0,1749562349082.0,2025-06-10 13:32:29.082
1749562349282.0,SPECTRO_4112,,,,,0.2,0.2,512.0,24.0,3.0,24.0,120.0,0.0,1749562349282.0,2025-06-10 13:32:29.282
1749562349483.0,SPECTRO_4112,,,,,0.2,0.2,512.0,20.0,2.0,20.0,100.0,1.0,1749562349483.0,2025-06-10 13:32:29.483
1749562349682.0,SPECTRO_4112,,,,,0.199,0.199,512.0,27.0,2.0,27.0,136.0,1.0,1749562349682.0,2025-06-10 13:32:29.682
1749562349881.0,SPECTRO_4112,,,,,0.199,0.199,512.0,29.0,2.0,29.0,146.0,0.0,1749562349881.0,2025-06-10 13:32:29.881
1749562350082.0,SPECTRO_4112,,,,,0.201,0.201,512.0,29.0,3.0,29.0,144.0,0.0,1749562350082.0,2025-06-10 13:32:30.082
1749562350281.0,SPECTRO_4112,,,,,0.198,0.198,512.0,21.0,3.0,21.0,106.0,1.0,1749562350281.0,2025-06-10 13:32:30.281
1749562350481.0,SPECTRO_4112,,,,,0.2,0.2,512.0,25.0,2.0,25.0,125.0,0.0,1749562350481.0,2025-06-10 13:32:30.481
1749562350681.0,SPECTRO_4112,,,,,0.199,0.199,512.0,21.0,3.0,21.0,106.0,1.0,1749562350681.0,2025-06-10 13:32:30.681
1749562350881.0,SPECTRO_4112,,,,,0.2,0.2,512.0,30.0,3.0,30.0,150.0,1.0,1749562350881.0,2025-06-10 13:32:30.881
1749562351082.0,SPECTRO_4112,,,,,0.2,0.2,512.0,25.0,2.0,25.0,125.0,0.0,1749562351082.0,2025-06-10 13:32:31.082
1749562351282.0,SPECTRO_4112,,,,,0.2,0.2,512.0,24.0,2.0,24.0,120.0,1.0,1749562351282.0,2025-06-10 13:32:31.282
1749562351482.0,SPECTRO_4112,,,,,0.199,0.199,512.0,20.0,2.0,20.0,101.0,1.0,1749562351482.0,2025-06-10 13:32:31.482
1749562351683.0,SPECTRO_4112,,,,,0.201,0.201,512.0,26.0,3.0,26.0,129.0,0.0,1749562351683.0,2025-06-10 13:32:31.683
1749562351886.0,SPECTRO_4112,,,,,0.202,0.202,512.0,23.0,2.0,23.0,114.0,0.0,1749562351886.0,2025-06-10 13:32:31.886
1749562352082.0,SPECTRO_4112,,,,,0.196,0.196,512.0,23.0,2.0,23.0,117.0,0.0,1749562352082.0,2025-06-10 13:32:32.082
1749562352283.0,SPECTRO_4112,,,,,0.2,0.2,512.0,25.0,2.0,25.0,125.0,0.0,1749562352283.0,2025-06-10 13:32:32.283
1749562352483.0,SPECTRO_4112,,,,,0.2,0.2,512.0,26.0,2.0,26.0,130.0,1.0,1749562352483.0,2025-06-10 13:32:32.483
1749562352683.0,SPECTRO_4112,,,,,0.2,0.2,512.0,23.0,2.0,23.0,115.0,0.0,1749562352683.0,2025-06-10 13:32:32.683
1749562352884.0,SPECTRO_4112,,,,,0.201,0.201,512.0,31.0,2.0,31.0,154.0,0.0,1749562352884.0,2025-06-10 13:32:32.884
1749562353084.0,SPECTRO_4112,,,,,0.199,0.199,512.0,34.0,3.0,34.0,171.0,0.0,1749562353084.0,2025-06-10 13:32:33.084
1749562353284.0,SPECTRO_4112,,,,,0.199,0.199,512.0,26.0,4.0,26.0,131.0,0.0,1749562353284.0,2025-06-10 13:32:33.284
1749562353486.0,SPECTRO_4112,,,,,0.201,0.201,512.0,18.0,3.0,18.0,90.0,0.0,1749562353486.0,2025-06-10 13:32:33.486
1749562353686.0,SPECTRO_4112,,,,,0.2,0.2,512.0,19.0,2.0,19.0,95.0,0.0,1749562353686.0,2025-06-10 13:32:33.686
1749562353885.0,SPECTRO_4112,,,,,0.198,0.198,512.0,27.0,2.0,27.0,136.0,1.0,1749562353885.0,2025-06-10 13:32:33.885
1749562354085.0,SPECTRO_4112,,,,,0.2,0.2,512.0,28.0,3.0,28.0,140.0,0.0,1749562354085.0,2025-06-10 13:32:34.085
1749562354285.0,SPECTRO_4112,,,,,0.2,0.2,512.0,21.0,2.0,21.0,105.0,0.0,1749562354285.0,2025-06-10 13:32:34.285
1749562354485.0,SPECTRO_4112,,,,,0.199,0.199,512.0,17.0,2.0,17.0,85.0,1.0,1749562354485.0,2025-06-10 13:32:34.485
1749562354689.0,SPECTRO_4112,,,,,0.204,0.204,512.0,30.0,2.0,30.0,147.0,0.0,1749562354689.0,2025-06-10 13:32:34.689
1749562354885.0,SPECTRO_4112,,,,,0.195,0.195,512.0,15.0,2.0,15.0,77.0,1.0,1749562354885.0,2025-06-10 13:32:34.885
1749562355085.0,SPECTRO_4112,,,,,0.2,0.2,512.0,28.0,2.0,28.0,140.0,0.0,1749562355085.0,2025-06-10 13:32:35.085
1749562355287.0,SPECTRO_4112,,,,,0.201,0.201,512.0,37.0,2.0,37.0,184.0,1.0,1749562355287.0,2025-06-10 13:32:35.287
1749562355487.0,SPECTRO_4112,,,,,0.2,0.2,512.0,32.0,2.0,32.0,160.0,2.0,1749562355487.0,2025-06-10 13:32:35.487
1749562355691.0,SPECTRO_4112,,,,,0.203,0.203,512.0,28.0,3.0,28.0,138.0,0.0,1749562355691.0,2025-06-10 13:32:35.691
1749562355888.0,SPECTRO_4112,,,,,0.197,0.197,512.0,17.0,2.0,17.0,86.0,0.0,1749562355888.0,2025-06-10 13:32:35.888
1749562356089.0,SPECTRO_4112,,,,,0.2,0.2,512.0,31.0,3.0,31.0,155.0,1.0,1749562356089.0,2025-06-10 13:32:36.089
1749562356289.0,SPECTRO_4112,,,,,0.2,0.2,512.0,25.0,2.0,25.0,125.0,1.0,1749562356289.0,2025-06-10 13:32:36.289
1749562356492.0,SPECTRO_4112,,,,,0.202,0.202,512.0,24.0,3.0,24.0,119.0,0.0,1749562356492.0,2025-06-10 13:32:36.492
1749562356691.0,SPECTRO_4112,,,,,0.199,0.199,512.0,22.0,3.0,22.0,111.0,1.0,1749562356691.0,2025-06-10 13:32:36.691
1749562356890.0,SPECTRO_4112,,,,,0.198,0.198,512.0,35.0,3.0,35.0,177.0,1.0,1749562356890.0,2025-06-10 13:32:36.890
1749562357090.0,SPECTRO_4112,,,,,0.199,0.199,512.0,24.0,2.0,24.0,121.0,0.0,1749562357090.0,2025-06-10 13:32:37.090
1749562357290.0,SPECTRO_4112,,,,,0.2,0.2,512.0,25.0,2.0,25.0,125.0,0.0,1749562357290.0,2025-06-10 13:32:37.290
1749562357490.0,SPECTRO_4112,,,,,0.199,0.199,512.0,16.0,2.0,16.0,80.0,0.0,1749562357490.0,2025-06-10 13:32:37.490
1749562357694.0,SPECTRO_4112,,,,,0.203,0.203,512.0,24.0,3.0,24.0,118.0,0.0,1749562357694.0,2025-06-10 13:32:37.694
1749562357890.0,SPECTRO_4112,,,,,0.196,0.196,512.0,28.0,2.0,28.0,143.0,1.0,1749562357890.0,2025-06-10 13:32:37.890
1749562358093.0,SPECTRO_4112,,,,,0.203,0.203,512.0,23.0,2.0,23.0,113.0,0.0,1749562358093.0,2025-06-10 13:32:38.093
1749562358290.0,SPECTRO_4112,,,,,0.196,0.196,512.0,19.0,2.0,19.0,97.0,1.0,1749562358290.0,2025-06-10 13:32:38.290
1749562358490.0,SPECTRO_4112,,,,,0.199,0.199,512.0,29.0,2.0,29.0,146.0,0.0,1749562358490.0,2025-06-10 13:32:38.490
1749562358695.0,SPECTRO_4112,,,,,0.205,0.205,512.0,22.0,2.0,22.0,107.0,0.0,1749562358695.0,2025-06-10 13:32:38.695
1749562358890.0,SPECTRO_4112,,,,,0.195,0.195,512.0,27.0,2.0,27.0,138.0,1.0,1749562358890.0,2025-06-10 13:32:38.890
1749562359090.0,SPECTRO_4112,,,,,0.199,0.199,512.0,32.0,2.0,32.0,161.0,2.0,1749562359090.0,2025-06-10 13:32:39.090
1749562359290.0,SPECTRO_4112,,,,,0.2,0.2,512.0,33.0,2.0,33.0,165.0,0.0,1749562359290.0,2025-06-10 13:32:39.290
1749562359490.0,SPECTRO_4112,,,,,0.2,0.2,512.0,27.0,3.0,27.0,135.0,0.0,1749562359490.0,2025-06-10 13:32:39.490
1749562359690.0,SPECTRO_4112,,,,,0.199,0.199,512.0,22.0,2.0,22.0,111.0,0.0,1749562359690.0,2025-06-10 13:32:39.690
1749562359890.0,SPECTRO_4112,,,,,0.2,0.2,512.0,32.0,2.0,32.0,160.0,0.0,1749562359890.0,2025-06-10 13:32:39.890
1749562360090.0,SPECTRO_4112,,,,,0.2,0.2,512.0,25.0,2.0,25.0,125.0,0.0,1749562360090.0,2025-06-10 13:32:40.090
1749562360290.0,SPECTRO_4112,,,,,0.199,0.199,512.0,30.0,4.0,30.0,151.0,0.0,1749562360290.0,2025-06-10 13:32:40.290
1749562360490.0,SPECTRO_4112,,,,,0.2,0.2,512.0,22.0,3.0,22.0,110.0,0.0,1749562360490.0,2025-06-10 13:32:40.490
1749562360690.0,SPECTRO_4112,,,,,0.2,0.2,512.0,23.0,3.0,23.0,115.0,3.0,1749562360690.0,2025-06-10 13:32:40.690
1749562360890.0,SPECTRO_4112,,,,,0.199,0.199,512.0,27.0,2.0,27.0,136.0,0.0,1749562360890.0,2025-06-10 13:32:40.890
1749562361090.0,SPECTRO_4112,,,,,0.2,0.2,512.0,17.0,2.0,17.0,85.0,0.0,1749562361090.0,2025-06-10 13:32:41.090
1749562361290.0,SPECTRO_4112,,,,,0.199,0.199,512.0,18.0,1.0,18.0,90.0,0.0,1749562361290.0,2025-06-10 13:32:41.290
1749562361490.0,SPECTRO_4112,,,,,0.2,0.2,512.0,24.0,2.0,24.0,120.0,0.0,1749562361490.0,2025-06-10 13:32:41.490
1749562361690.0,SPECTRO_4112,,,,,0.2,0.2,512.0,20.0,2.0,20.0,100.0,0.0,1749562361690.0,2025-06-10 13:32:41.690
1749562361891.0,SPECTRO_4112,,,,,0.2,0.2,512.0,24.0,2.0,24.0,120.0,0.0,1749562361891.0,2025-06-10 13:32:41.891
1749562362091.0,SPECTRO_4112,,,,,0.2,0.2,512.0,29.0,4.0,29.0,145.0,0.0,1749562362091.0,2025-06-10 13:32:42.091
1749562362291.0,SPECTRO_4112,,,,,0.2,0.2,512.0,24.0,3.0,24.0,120.0,1.0,1749562362291.0,2025-06-10 13:32:42.291
1749562362491.0,SPECTRO_4112,,,,,0.2,0.2,512.0,20.0,4.0,20.0,100.0,0.0,1749562362491.0,2025-06-10 13:32:42.491
1749562362691.0,SPECTRO_4112,,,,,0.2,0.2,512.0,21.0,2.0,21.0,105.0,0.0,1749562362691.0,2025-06-10 13:32:42.691
1749562362891.0,SPECTRO_4112,,,,,0.199,0.199,512.0,26.0,2.0,26.0,131.0,0.0,1749562362891.0,2025-06-10 13:32:42.891
1749562363091.0,SPECTRO_4112,,,,,0.2,0.2,512.0,23.0,2.0,23.0,115.0,0.0,1749562363091.0,2025-06-10 13:32:43.091
1749562363291.0,SPECTRO_4112,,,,,0.199,0.199,512.0,23.0,2.0,23.0,116.0,0.0,1749562363291.0,2025-06-10 13:32:43.291
1749562363491.0,SPECTRO_4112,,,,,0.2,0.2,512.0,20.0,1.0,20.0,100.0,1.0,1749562363491.0,2025-06-10 13:32:43.491
1749562363691.0,SPECTRO_4112,,,,,0.2,0.2,512.0,28.0,2.0,28.0,140.0,0.0,1749562363691.0,2025-06-10 13:32:43.691
1749562363891.0,SPECTRO_4112,,,,,0.199,0.199,512.0,21.0,2.0,21.0,106.0,0.0,1749562363891.0,2025-06-10 13:32:43.891
1749562364092.0,SPECTRO_4112,,,,,0.2,0.2,512.0,30.0,2.0,30.0,150.0,1.0,1749562364092.0,2025-06-10 13:32:44.092
1749562364292.0,SPECTRO_4112,,,,,0.2,0.2,512.0,24.0,3.0,24.0,120.0,1.0,1749562364292.0,2025-06-10 13:32:44.292
1749562364492.0,SPECTRO_4112,,,,,0.2,0.2,512.0,28.0,3.0,28.0,140.0,2.0,1749562364492.0,2025-06-10 13:32:44.492
1749562364693.0,SPECTRO_4112,,,,,0.2,0.2,512.0,32.0,1.0,32.0,160.0,0.0,1749562364693.0,2025-06-10 13:32:44.693
1749562364893.0,SPECTRO_4112,,,,,0.2,0.2,512.0,29.0,2.0,29.0,145.0,1.0,1749562364893.0,2025-06-10 13:32:44.893
1749562365093.0,SPECTRO_4112,,,,,0.2,0.2,512.0,33.0,2.0,33.0,165.0,0.0,1749562365093.0,2025-06-10 13:32:45.093
1749562365293.0,SPECTRO_4112,,,,,0.199,0.199,512.0,21.0,3.0,21.0,106.0,0.0,1749562365293.0,2025-06-10 13:32:45.293
1749562365493.0,SPECTRO_4112,,,,,0.2,0.2,512.0,28.0,2.0,28.0,140.0,1.0,1749562365493.0,2025-06-10 13:32:45.493
1749562365693.0,SPECTRO_4112,,,,,0.199,0.199,512.0,32.0,3.0,32.0,161.0,0.0,1749562365693.0,2025-06-10 13:32:45.693
1749562365893.0,SPECTRO_4112,,,,,0.199,0.199,512.0,24.0,2.0,24.0,121.0,0.0,1749562365893.0,2025-06-10 13:32:45.893
1749562366093.0,SPECTRO_4112,,,,,0.2,0.2,512.0,21.0,2.0,21.0,105.0,0.0,1749562366093.0,2025-06-10 13:32:46.093
1749562366293.0,SPECTRO_4112,,,,,0.2,0.2,512.0,24.0,2.0,24.0,120.0,0.0,1749562366293.0,2025-06-10 13:32:46.293
1749562366493.0,SPECTRO_4112,,,,,0.2,0.2,512.0,32.0,2.0,32.0,160.0,0.0,1749562366493.0,2025-06-10 13:32:46.493
1749562366693.0,SPECTRO_4112,,,,,0.199,0.199,512.0,27.0,2.0,27.0,136.0,0.0,1749562366693.0,2025-06-10 13:32:46.693
1749562366894.0,SPECTRO_4112,,,,,0.2,0.2,512.0,31.0,2.0,31.0,155.0,2.0,1749562366894.0,2025-06-10 13:32:46.894
1749562367094.0,SPECTRO_4112,,,,,0.2,0.2,512.0,22.0,2.0,22.0,110.0,0.0,1749562367094.0,2025-06-10 13:32:47.094
1749562367294.0,SPECTRO_4112,,,,,0.199,0.199,512.0,20.0,2.0,20.0,101.0,0.0,1749562367294.0,2025-06-10 13:32:47.294
1749562367494.0,SPECTRO_4112,,,,,0.2,0.2,512.0,42.0,3.0,42.0,210.0,1.0,1749562367494.0,2025-06-10 13:32:47.494
1749562367695.0,SPECTRO_4112,,,,,0.2,0.2,512.0,28.0,2.0,28.0,140.0,0.0,1749562367695.0,2025-06-10 13:32:47.695
1749562367896.0,SPECTRO_4112,,,,,0.201,0.201,512.0,33.0,3.0,33.0,164.0,1.0,1749562367896.0,2025-06-10 13:32:47.896
1749562368096.0,SPECTRO_4112,,,,,0.199,0.199,512.0,25.0,2.0,25.0,126.0,0.0,1749562368096.0,2025-06-10 13:32:48.096
1749562368296.0,SPECTRO_4112,,,,,0.2,0.2,512.0,27.0,4.0,27.0,135.0,0.0,1749562368296.0,2025-06-10 13:32:48.296
1749562368496.0,SPECTRO_4112,,,,,0.2,0.2,512.0,34.0,4.0,34.0,170.0,0.0,1749562368496.0,2025-06-10 13:32:48.496
1749562368696.0,SPECTRO_4112,,,,,0.199,0.199,512.0,21.0,2.0,21.0,106.0,0.0,1749562368696.0,2025-06-10 13:32:48.696
1749562368896.0,SPECTRO_4112,,,,,0.199,0.199,512.0,32.0,2.0,32.0,161.0,1.0,1749562368896.0,2025-06-10 13:32:48.896
1749562369096.0,SPECTRO_4112,,,,,0.2,0.2,512.0,22.0,2.0,22.0,110.0,0.0,1749562369096.0,2025-06-10 13:32:49.096
1749562369297.0,SPECTRO_4112,,,,,0.2,0.2,512.0,20.0,2.0,20.0,100.0,1.0,1749562369297.0,2025-06-10 13:32:49.297
1749562369497.0,SPECTRO_4112,,,,,0.2,0.2,512.0,21.0,3.0,21.0,105.0,1.0,1749562369497.0,2025-06-10 13:32:49.497
1749562369698.0,SPECTRO_4112,,,,,0.2,0.2,512.0,36.0,3.0,36.0,180.0,1.0,1749562369698.0,2025-06-10 13:32:49.698
1749562369898.0,SPECTRO_4112,,,,,0.2,0.2,512.0,18.0,2.0,18.0,90.0,0.0,1749562369898.0,2025-06-10 13:32:49.898
1749562370099.0,SPECTRO_4112,,,,,0.2,0.2,512.0,25.0,2.0,25.0,125.0,0.0,1749562370099.0,2025-06-10 13:32:50.099
1749562370300.0,SPECTRO_4112,,,,,0.2,0.2,512.0,24.0,2.0,24.0,120.0,1.0,1749562370300.0,2025-06-10 13:32:50.300
1749562370500.0,SPECTRO_4112,,,,,0.2,0.2,512.0,22.0,2.0,22.0,110.0,0.0,1749562370500.0,2025-06-10 13:32:50.500
1749562370700.0,SPECTRO_4112,,,,,0.2,0.2,512.0,26.0,3.0,26.0,130.0,0.0,1749562370700.0,2025-06-10 13:32:50.700
1749562370901.0,SPECTRO_4112,,,,,0.2,0.2,512.0,29.0,2.0,29.0,145.0,0.0,1749562370901.0,2025-06-10 13:32:50.901
1749562371101.0,SPECTRO_4112,,,,,0.2,0.2,512.0,21.0,2.0,21.0,105.0,0.0,1749562371101.0,2025-06-10 13:32:51.101
1749562371301.0,SPECTRO_4112,,,,,0.2,0.2,512.0,24.0,2.0,24.0,120.0,0.0,1749562371301.0,2025-06-10 13:32:51.301
1749562371502.0,SPECTRO_4112,,,,,0.2,0.2,512.0,20.0,2.0,20.0,100.0,0.0,1749562371502.0,2025-06-10 13:32:51.502
1749562371702.0,SPECTRO_4112,,,,,0.2,0.2,512.0,30.0,4.0,30.0,150.0,2.0,1749562371702.0,2025-06-10 13:32:51.702
1749562371902.0,SPECTRO_4112,,,,,0.2,0.2,512.0,21.0,2.0,21.0,105.0,0.0,1749562371902.0,2025-06-10 13:32:51.902
1749562372102.0,SPECTRO_4112,,,,,0.199,0.199,512.0,18.0,2.0,18.0,90.0,0.0,1749562372102.0,2025-06-10 13:32:52.102
1749562372302.0,SPECTRO_4112,,,,,0.2,0.2,512.0,21.0,2.0,21.0,105.0,0.0,1749562372302.0,2025-06-10 13:32:52.302
1749562372502.0,SPECTRO_4112,,,,,0.2,0.2,512.0,22.0,2.0,22.0,110.0,0.0,1749562372502.0,2025-06-10 13:32:52.502
1749562372703.0,SPECTRO_4112,,,,,0.2,0.2,512.0,19.0,2.0,19.0,95.0,1.0,1749562372703.0,2025-06-10 13:32:52.703
1749562372904.0,SPECTRO_4112,,,,,0.2,0.2,512.0,30.0,3.0,30.0,150.0,0.0,1749562372904.0,2025-06-10 13:32:52.904
1749562373104.0,SPECTRO_4112,,,,,0.2,0.2,512.0,29.0,3.0,29.0,145.0,0.0,1749562373104.0,2025-06-10 13:32:53.104
1749562373304.0,SPECTRO_4112,,,,,0.199,0.199,512.0,20.0,3.0,20.0,101.0,0.0,1749562373304.0,2025-06-10 13:32:53.304
1749562373504.0,SPECTRO_4112,,,,,0.2,0.2,512.0,22.0,2.0,22.0,110.0,0.0,1749562373504.0,2025-06-10 13:32:53.504
1749562373705.0,SPECTRO_4112,,,,,0.2,0.2,512.0,24.0,3.0,24.0,120.0,0.0,1749562373705.0,2025-06-10 13:32:53.705
1749562373906.0,SPECTRO_4112,,,,,0.201,0.201,512.0,30.0,3.0,30.0,149.0,1.0,1749562373906.0,2025-06-10 13:32:53.906
1749562374105.0,SPECTRO_4112,,,,,0.198,0.198,512.0,37.0,3.0,37.0,187.0,0.0,1749562374105.0,2025-06-10 13:32:54.105
1749562374305.0,SPECTRO_4112,,,,,0.2,0.2,512.0,20.0,2.0,20.0,100.0,0.0,1749562374305.0,2025-06-10 13:32:54.305
1749562374506.0,SPECTRO_4112,,,,,0.2,0.2,512.0,31.0,4.0,31.0,155.0,2.0,1749562374506.0,2025-06-10 13:32:54.506
1749562374706.0,SPECTRO_4112,,,,,0.2,0.2,512.0,27.0,2.0,27.0,135.0,0.0,1749562374706.0,2025-06-10 13:32:54.706
1749562374906.0,SPECTRO_4112,,,,,0.199,0.199,512.0,25.0,2.0,25.0,126.0,1.0,1749562374906.0,2025-06-10 13:32:54.906
1749562375106.0,SPECTRO_4112,,,,,0.2,0.2,512.0,24.0,2.0,24.0,120.0,0.0,1749562375106.0,2025-06-10 13:32:55.106
1749562375307.0,SPECTRO_4112,,,,,0.2,0.2,512.0,22.0,2.0,22.0,110.0,0.0,1749562375307.0,2025-06-10 13:32:55.307
1749562375509.0,SPECTRO_4112,,,,,0.201,0.201,512.0,26.0,2.0,26.0,129.0,1.0,1749562375509.0,2025-06-10 13:32:55.509
1749562375707.0,SPECTRO_4112,,,,,0.198,0.198,512.0,21.0,2.0,21.0,106.0,0.0,1749562375707.0,2025-06-10 13:32:55.707
1749562375907.0,SPECTRO_4112,,,,,0.2,0.2,512.0,25.0,3.0,25.0,125.0,1.0,1749562375907.0,2025-06-10 13:32:55.907
1749562376108.0,SPECTRO_4112,,,,,0.2,0.2,512.0,21.0,2.0,21.0,105.0,0.0,1749562376108.0,2025-06-10 13:32:56.108
1749562376309.0,SPECTRO_4112,,,,,0.201,0.201,512.0,28.0,3.0,28.0,139.0,0.0,1749562376309.0,2025-06-10 13:32:56.309
1749562376509.0,SPECTRO_4112,,,,,0.2,0.2,512.0,21.0,1.0,21.0,105.0,0.0,1749562376509.0,2025-06-10 13:32:56.509
1749562376710.0,SPECTRO_4112,,,,,0.2,0.2,512.0,21.0,2.0,21.0,105.0,0.0,1749562376710.0,2025-06-10 13:32:56.710
1749562376913.0,SPECTRO_4112,,,,,0.203,0.203,512.0,30.0,3.0,30.0,148.0,2.0,1749562376913.0,2025-06-10 13:32:56.913
1749562377110.0,SPECTRO_4112,,,,,0.197,0.197,512.0,25.0,2.0,25.0,127.0,0.0,1749562377110.0,2025-06-10 13:32:57.110
1749562377311.0,SPECTRO_4112,,,,,0.2,0.2,512.0,28.0,2.0,28.0,140.0,0.0,1749562377311.0,2025-06-10 13:32:57.311
1749562377511.0,SPECTRO_4112,,,,,0.2,0.2,512.0,23.0,2.0,23.0,115.0,2.0,1749562377511.0,2025-06-10 13:32:57.511
1749562377711.0,SPECTRO_4112,,,,,0.2,0.2,512.0,22.0,2.0,22.0,110.0,0.0,1749562377711.0,2025-06-10 13:32:57.711
1749562377911.0,SPECTRO_4112,,,,,0.199,0.199,512.0,18.0,2.0,18.0,90.0,0.0,1749562377911.0,2025-06-10 13:32:57.911
1749562378111.0,SPECTRO_4112,,,,,0.2,0.2,512.0,17.0,1.0,17.0,85.0,0.0,1749562378111.0,2025-06-10 13:32:58.111
1749562378312.0,SPECTRO_4112,,,,,0.2,0.2,512.0,23.0,2.0,23.0,115.0,0.0,1749562378312.0,2025-06-10 13:32:58.312
1749562378512.0,SPECTRO_4112,,,,,0.2,0.2,512.0,20.0,2.0,20.0,100.0,0.0,1749562378512.0,2025-06-10 13:32:58.512
1749562378713.0,SPECTRO_4112,,,,,0.2,0.2,512.0,22.0,2.0,22.0,110.0,0.0,1749562378713.0,2025-06-10 13:32:58.713
1749562378913.0,SPECTRO_4112,,,,,0.2,0.2,512.0,18.0,2.0,18.0,90.0,1.0,1749562378913.0,2025-06-10 13:32:58.913
1749562379113.0,SPECTRO_4112,,,,,0.2,0.2,512.0,30.0,3.0,30.0,150.0,0.0,1749562379113.0,2025-06-10 13:32:59.113
1749562379313.0,SPECTRO_4112,,,,,0.199,0.199,512.0,15.0,2.0,15.0,75.0,0.0,1749562379313.0,2025-06-10 13:32:59.313
1749562379513.0,SPECTRO_4112,,,,,0.2,0.2,512.0,32.0,2.0,32.0,160.0,0.0,1749562379513.0,2025-06-10 13:32:59.513
1749562379714.0,SPECTRO_4112,,,,,0.2,0.2,512.0,26.0,2.0,26.0,130.0,1.0,1749562379714.0,2025-06-10 13:32:59.714
1749562379915.0,SPECTRO_4112,,,,,0.201,0.201,512.0,31.0,2.0,31.0,154.0,1.0,1749562379915.0,2025-06-10 13:32:59.915
1749562380114.0,SPECTRO_4112,,,,,0.199,0.199,512.0,25.0,3.0,25.0,126.0,0.0,1749562380114.0,2025-06-10 13:33:00.114
1749562380315.0,SPECTRO_4112,,,,,0.2,0.2,512.0,32.0,3.0,32.0,160.0,0.0,1749562380315.0,2025-06-10 13:33:00.315
1749562380515.0,SPECTRO_4112,,,,,0.2,0.2,512.0,27.0,1.0,27.0,135.0,0.0,1749562380515.0,2025-06-10 13:33:00.515
1749562380715.0,SPECTRO_4112,,,,,0.2,0.2,512.0,26.0,3.0,26.0,130.0,2.0,1749562380715.0,2025-06-10 13:33:00.715
1749562380916.0,SPECTRO_4112,,,,,0.2,0.2,512.0,30.0,3.0,30.0,150.0,0.0,1749562380916.0,2025-06-10 13:33:00.916
1749562381116.0,SPECTRO_4112,,,,,0.2,0.2,512.0,23.0,2.0,23.0,115.0,0.0,1749562381116.0,2025-06-10 13:33:01.116
1749562381316.0,SPECTRO_4112,,,,,0.2,0.2,512.0,22.0,2.0,22.0,110.0,2.0,1749562381316.0,2025-06-10 13:33:01.316
1749562381516.0,SPECTRO_4112,,,,,0.199,0.199,512.0,25.0,2.0,25.0,126.0,0.0,1749562381516.0,2025-06-10 13:33:01.516
1749562381716.0,SPECTRO_4112,,,,,0.2,0.2,512.0,23.0,3.0,23.0,115.0,0.0,1749562381716.0,2025-06-10 13:33:01.716
1749562381916.0,SPECTRO_4112,,,,,0.2,0.2,512.0,24.0,3.0,24.0,120.0,2.0,1749562381916.0,2025-06-10 13:33:01.916
1749562382116.0,SPECTRO_4112,,,,,0.199,0.199,512.0,25.0,2.0,25.0,126.0,0.0,1749562382116.0,2025-06-10 13:33:02.116
1749562382316.0,SPECTRO_4112,,,,,0.2,0.2,512.0,33.0,3.0,33.0,165.0,0.0,1749562382316.0,2025-06-10 13:33:02.316
1749562382516.0,SPECTRO_4112,,,,,0.199,0.199,512.0,21.0,3.0,21.0,106.0,0.0,1749562382516.0,2025-06-10 13:33:02.516
1749562382716.0,SPECTRO_4112,,,,,0.2,0.2,512.0,33.0,3.0,33.0,165.0,0.0,1749562382716.0,2025-06-10 13:33:02.716
1749562382917.0,SPECTRO_4112,,,,,0.201,0.201,512.0,27.0,1.0,27.0,134.0,0.0,1749562382917.0,2025-06-10 13:33:02.917
1749562383116.0,SPECTRO_4112,,,,,0.199,0.199,512.0,22.0,3.0,22.0,111.0,3.0,1749562383116.0,2025-06-10 13:33:03.116
1749562383316.0,SPECTRO_4112,,,,,0.199,0.199,512.0,25.0,2.0,25.0,126.0,1.0,1749562383316.0,2025-06-10 13:33:03.316
1749562383516.0,SPECTRO_4112,,,,,0.2,0.2,512.0,31.0,3.0,31.0,155.0,0.0,1749562383516.0,2025-06-10 13:33:03.516
1749562383716.0,SPECTRO_4112,,,,,0.199,0.199,512.0,19.0,2.0,19.0,95.0,0.0,1749562383716.0,2025-06-10 13:33:03.716
1749562383918.0,SPECTRO_4112,,,,,0.201,0.201,512.0,19.0,2.0,19.0,95.0,0.0,1749562383918.0,2025-06-10 13:33:03.918
1749562384117.0,SPECTRO_4112,,,,,0.198,0.198,512.0,28.0,2.0,28.0,141.0,1.0,1749562384117.0,2025-06-10 13:33:04.117
1749562384317.0,SPECTRO_4112,,,,,0.2,0.2,512.0,22.0,2.0,22.0,110.0,0.0,1749562384317.0,2025-06-10 13:33:04.317
1749562384516.0,SPECTRO_4112,,,,,0.199,0.199,512.0,23.0,2.0,23.0,116.0,0.0,1749562384516.0,2025-06-10 13:33:04.516
1749562384716.0,SPECTRO_4112,,,,,0.2,0.2,512.0,15.0,3.0,15.0,75.0,0.0,1749562384716.0,2025-06-10 13:33:04.716
1749562384917.0,SPECTRO_4112,,,,,0.2,0.2,512.0,26.0,2.0,26.0,130.0,0.0,1749562384917.0,2025-06-10 13:33:04.917
1749562385118.0,SPECTRO_4112,,,,,0.2,0.2,512.0,25.0,2.0,25.0,125.0,1.0,1749562385118.0,2025-06-10 13:33:05.118
1749562385318.0,SPECTRO_4112,,,,,0.2,0.2,512.0,17.0,3.0,17.0,85.0,2.0,1749562385318.0,2025-06-10 13:33:05.318
1749562385519.0,SPECTRO_4112,,,,,0.2,0.2,512.0,28.0,3.0,28.0,140.0,1.0,1749562385519.0,2025-06-10 13:33:05.519
1749562385719.0,SPECTRO_4112,,,,,0.2,0.2,512.0,25.0,2.0,25.0,125.0,0.0,1749562385719.0,2025-06-10 13:33:05.719
1749562385921.0,SPECTRO_4112,,,,,0.202,0.202,512.0,34.0,3.0,34.0,168.0,0.0,1749562385921.0,2025-06-10 13:33:05.921
1749562386119.0,SPECTRO_4112,,,,,0.197,0.197,512.0,28.0,2.0,28.0,142.0,1.0,1749562386119.0,2025-06-10 13:33:06.119
1749562386319.0,SPECTRO_4112,,,,,0.2,0.2,512.0,41.0,3.0,41.0,205.0,0.0,1749562386319.0,2025-06-10 13:33:06.319
1749562386519.0,SPECTRO_4112,,,,,0.199,0.199,512.0,20.0,2.0,20.0,101.0,0.0,1749562386519.0,2025-06-10 13:33:06.519
1749562386719.0,SPECTRO_4112,,,,,0.2,0.2,512.0,22.0,2.0,22.0,110.0,0.0,1749562386719.0,2025-06-10 13:33:06.719
1749562386919.0,SPECTRO_4112,,,,,0.2,0.2,512.0,24.0,2.0,24.0,120.0,0.0,1749562386919.0,2025-06-10 13:33:06.919
1749562387119.0,SPECTRO_4112,,,,,0.199,0.199,512.0,21.0,3.0,21.0,106.0,1.0,1749562387119.0,2025-06-10 13:33:07.119
1749562387319.0,SPECTRO_4112,,,,,0.2,0.2,512.0,21.0,2.0,21.0,105.0,1.0,1749562387319.0,2025-06-10 13:33:07.319
1749562387519.0,SPECTRO_4112,,,,,0.199,0.199,512.0,21.0,2.0,21.0,106.0,0.0,1749562387519.0,2025-06-10 13:33:07.519
1749562387719.0,SPECTRO_4112,,,,,0.2,0.2,512.0,32.0,3.0,32.0,160.0,1.0,1749562387719.0,2025-06-10 13:33:07.719
1749562387919.0,SPECTRO_4112,,,,,0.2,0.2,512.0,29.0,2.0,29.0,145.0,1.0,1749562387919.0,2025-06-10 13:33:07.919
1749562388119.0,SPECTRO_4112,,,,,0.199,0.199,512.0,35.0,2.0,35.0,176.0,0.0,1749562388119.0,2025-06-10 13:33:08.119
1749562388319.0,SPECTRO_4112,,,,,0.2,0.2,512.0,23.0,2.0,23.0,115.0,0.0,1749562388319.0,2025-06-10 13:33:08.319
1749562388519.0,SPECTRO_4112,,,,,0.2,0.2,512.0,20.0,2.0,20.0,100.0,0.0,1749562388519.0,2025-06-10 13:33:08.519
1749562388719.0,SPECTRO_4112,,,,,0.199,0.199,512.0,28.0,2.0,28.0,141.0,0.0,1749562388719.0,2025-06-10 13:33:08.719
1749562388919.0,SPECTRO_4112,,,,,0.2,0.2,512.0,21.0,2.0,21.0,105.0,0.0,1749562388919.0,2025-06-10 13:33:08.919
1749562389119.0,SPECTRO_4112,,,,,0.199,0.199,512.0,21.0,3.0,21.0,106.0,0.0,1749562389119.0,2025-06-10 13:33:09.119
1749562389319.0,SPECTRO_4112,,,,,0.2,0.2,512.0,29.0,3.0,29.0,145.0,0.0,1749562389319.0,2025-06-10 13:33:09.319
1749562389519.0,SPECTRO_4112,,,,,0.199,0.199,512.0,28.0,3.0,28.0,141.0,0.0,1749562389519.0,2025-06-10 13:33:09.519
1749562389719.0,SPECTRO_4112,,,,,0.2,0.2,512.0,33.0,3.0,33.0,165.0,0.0,1749562389719.0,2025-06-10 13:33:09.719
1749562389919.0,SPECTRO_4112,,,,,0.2,0.2,512.0,32.0,2.0,32.0,160.0,0.0,1749562389919.0,2025-06-10 13:33:09.919
1749562390119.0,SPECTRO_4112,,,,,0.2,0.2,512.0,26.0,2.0,26.0,130.0,0.0,1749562390119.0,2025-06-10 13:33:10.119
1749562390319.0,SPECTRO_4112,,,,,0.2,0.2,512.0,33.0,3.0,33.0,165.0,0.0,1749562390319.0,2025-06-10 13:33:10.319
1749562390520.0,SPECTRO_4112,,,,,0.2,0.2,512.0,28.0,2.0,28.0,140.0,1.0,1749562390520.0,2025-06-10 13:33:10.520
1749562390720.0,SPECTRO_4112,,,,,0.2,0.2,512.0,20.0,2.0,20.0,100.0,1.0,1749562390720.0,2025-06-10 13:33:10.720
1749562390920.0,SPECTRO_4112,,,,,0.199,0.199,512.0,23.0,2.0,23.0,116.0,0.0,1749562390920.0,2025-06-10 13:33:10.920
1749562391120.0,SPECTRO_4112,,,,,0.2,0.2,512.0,19.0,1.0,19.0,95.0,0.0,1749562391120.0,2025-06-10 13:33:11.120
1749562391320.0,SPECTRO_4112,,,,,0.2,0.2,512.0,27.0,2.0,27.0,135.0,1.0,1749562391320.0,2025-06-10 13:33:11.320
1749562391520.0,SPECTRO_4112,,,,,0.2,0.2,512.0,26.0,2.0,26.0,130.0,1.0,1749562391520.0,2025-06-10 13:33:11.520
1749562391720.0,SPECTRO_4112,,,,,0.2,0.2,512.0,21.0,2.0,21.0,105.0,1.0,1749562391720.0,2025-06-10 13:33:11.720
1749562391920.0,SPECTRO_4112,,,,,0.2,0.2,512.0,27.0,2.0,27.0,135.0,0.0,1749562391920.0,2025-06-10 13:33:11.920
1749562392120.0,SPECTRO_4112,,,,,0.199,0.199,512.0,27.0,2.0,27.0,136.0,0.0,1749562392120.0,2025-06-10 13:33:12.120
1749562392320.0,SPECTRO_4112,,,,,0.2,0.2,512.0,23.0,2.0,23.0,115.0,1.0,1749562392320.0,2025-06-10 13:33:12.320
1749562392520.0,SPECTRO_4112,,,,,0.2,0.2,512.0,24.0,2.0,24.0,120.0,0.0,1749562392520.0,2025-06-10 13:33:12.520
1749562392721.0,SPECTRO_4112,,,,,0.2,0.2,512.0,22.0,2.0,22.0,110.0,1.0,1749562392721.0,2025-06-10 13:33:12.721
1749562392921.0,SPECTRO_4112,,,,,0.2,0.2,512.0,20.0,3.0,20.0,100.0,1.0,1749562392921.0,2025-06-10 13:33:12.921
1749562393122.0,SPECTRO_4112,,,,,0.201,0.201,512.0,26.0,2.0,26.0,129.0,1.0,1749562393122.0,2025-06-10 13:33:13.122
1749562393322.0,SPECTRO_4112,,,,,0.199,0.199,512.0,22.0,3.0,22.0,111.0,0.0,1749562393322.0,2025-06-10 13:33:13.322
1749562393522.0,SPECTRO_4112,,,,,0.2,0.2,512.0,30.0,2.0,30.0,150.0,0.0,1749562393522.0,2025-06-10 13:33:13.522
1749562393722.0,SPECTRO_4112,,,,,0.2,0.2,512.0,17.0,2.0,17.0,85.0,1.0,1749562393722.0,2025-06-10 13:33:13.722
1749562393922.0,SPECTRO_4112,,,,,0.2,0.2,512.0,24.0,3.0,24.0,120.0,1.0,1749562393922.0,2025-06-10 13:33:13.922
1749562394122.0,SPECTRO_4112,,,,,0.199,0.199,512.0,30.0,2.0,30.0,151.0,0.0,1749562394122.0,2025-06-10 13:33:14.122
1749562394322.0,SPECTRO_4112,,,,,0.2,0.2,512.0,24.0,2.0,24.0,120.0,1.0,1749562394322.0,2025-06-10 13:33:14.322
1749562394522.0,SPECTRO_4112,,,,,0.2,0.2,512.0,22.0,2.0,22.0,110.0,1.0,1749562394522.0,2025-06-10 13:33:14.522
1749562394723.0,SPECTRO_4112,,,,,0.2,0.2,512.0,15.0,2.0,15.0,75.0,1.0,1749562394723.0,2025-06-10 13:33:14.723
1749562394923.0,SPECTRO_4112,,,,,0.2,0.2,512.0,24.0,2.0,24.0,120.0,0.0,1749562394923.0,2025-06-10 13:33:14.923
1749562395123.0,SPECTRO_4112,,,,,0.199,0.199,512.0,25.0,3.0,25.0,126.0,0.0,1749562395123.0,2025-06-10 13:33:15.123
1749562395324.0,SPECTRO_4112,,,,,0.2,0.2,512.0,20.0,2.0,20.0,100.0,0.0,1749562395324.0,2025-06-10 13:33:15.324
1749562395524.0,SPECTRO_4112,,,,,0.2,0.2,512.0,22.0,2.0,22.0,110.0,0.0,1749562395524.0,2025-06-10 13:33:15.524
1749562395724.0,SPECTRO_4112,,,,,0.2,0.2,512.0,24.0,2.0,24.0,120.0,0.0,1749562395724.0,2025-06-10 13:33:15.724
1749562395925.0,SPECTRO_4112,,,,,0.2,0.2,512.0,16.0,2.0,16.0,80.0,0.0,1749562395925.0,2025-06-10 13:33:15.925
1749562396125.0,SPECTRO_4112,,,,,0.2,0.2,512.0,21.0,1.0,21.0,105.0,1.0,1749562396125.0,2025-06-10 13:33:16.125
1749562396325.0,SPECTRO_4112,,,,,0.2,0.2,512.0,26.0,2.0,26.0,130.0,0.0,1749562396325.0,2025-06-10 13:33:16.325
1749562396525.0,SPECTRO_4112,,,,,0.2,0.2,512.0,30.0,2.0,30.0,150.0,0.0,1749562396525.0,2025-06-10 13:33:16.525
1749562396725.0,SPECTRO_4112,,,,,0.2,0.2,512.0,21.0,2.0,21.0,105.0,0.0,1749562396725.0,2025-06-10 13:33:16.725
1749562396925.0,SPECTRO_4112,,,,,0.2,0.2,512.0,21.0,2.0,21.0,105.0,1.0,1749562396925.0,2025-06-10 13:33:16.925
1749562397125.0,SPECTRO_4112,,,,,0.199,0.199,512.0,26.0,3.0,26.0,131.0,1.0,1749562397125.0,2025-06-10 13:33:17.125
1749562397326.0,SPECTRO_4112,,,,,0.2,0.2,512.0,25.0,3.0,25.0,125.0,0.0,1749562397326.0,2025-06-10 13:33:17.326
1749562397526.0,SPECTRO_4112,,,,,0.2,0.2,512.0,18.0,2.0,18.0,90.0,0.0,1749562397526.0,2025-06-10 13:33:17.526
1749562397726.0,SPECTRO_4112,,,,,0.2,0.2,512.0,28.0,3.0,28.0,140.0,1.0,1749562397726.0,2025-06-10 13:33:17.726
1749562397926.0,SPECTRO_4112,,,,,0.199,0.199,512.0,25.0,3.0,25.0,126.0,1.0,1749562397926.0,2025-06-10 13:33:17.926
1749562398127.0,SPECTRO_4112,,,,,0.2,0.2,512.0,25.0,2.0,25.0,125.0,1.0,1749562398127.0,2025-06-10 13:33:18.127
1749562398327.0,SPECTRO_4112,,,,,0.2,0.2,512.0,32.0,3.0,32.0,160.0,0.0,1749562398327.0,2025-06-10 13:33:18.327
1749562398528.0,SPECTRO_4112,,,,,0.2,0.2,512.0,23.0,2.0,23.0,115.0,1.0,1749562398528.0,2025-06-10 13:33:18.528
1749562398728.0,SPECTRO_4112,,,,,0.2,0.2,512.0,25.0,2.0,25.0,125.0,0.0,1749562398728.0,2025-06-10 13:33:18.728
1749562398928.0,SPECTRO_4112,,,,,0.2,0.2,512.0,20.0,3.0,20.0,100.0,0.0,1749562398928.0,2025-06-10 13:33:18.928
1749562399128.0,SPECTRO_4112,,,,,0.2,0.2,512.0,20.0,2.0,20.0,100.0,0.0,1749562399128.0,2025-06-10 13:33:19.128
1749562399329.0,SPECTRO_4112,,,,,0.2,0.2,512.0,29.0,3.0,29.0,145.0,0.0,1749562399329.0,2025-06-10 13:33:19.329
1749562399529.0,SPECTRO_4112,,,,,0.2,0.2,512.0,28.0,3.0,28.0,140.0,0.0,1749562399529.0,2025-06-10 13:33:19.529
1749562399729.0,SPECTRO_4112,,,,,0.2,0.2,512.0,21.0,3.0,21.0,105.0,0.0,1749562399729.0,2025-06-10 13:33:19.729
1749562399929.0,SPECTRO_4112,,,,,0.2,0.2,512.0,20.0,3.0,20.0,100.0,0.0,1749562399929.0,2025-06-10 13:33:19.929
1749562400129.0,SPECTRO_4112,,,,,0.2,0.2,512.0,27.0,2.0,27.0,135.0,1.0,1749562400129.0,2025-06-10 13:33:20.129
1749562400329.0,SPECTRO_4112,,,,,0.199,0.199,512.0,27.0,3.0,27.0,136.0,1.0,1749562400329.0,2025-06-10 13:33:20.329
1749562400529.0,SPECTRO_4112,,,,,0.2,0.2,512.0,26.0,2.0,26.0,130.0,0.0,1749562400529.0,2025-06-10 13:33:20.529
1749562400729.0,SPECTRO_4112,,,,,0.199,0.199,512.0,14.0,2.0,14.0,70.0,0.0,1749562400729.0,2025-06-10 13:33:20.729
1749562400929.0,SPECTRO_4112,,,,,0.2,0.2,512.0,33.0,2.0,33.0,165.0,0.0,1749562400929.0,2025-06-10 13:33:20.929
1749562401129.0,SPECTRO_4112,,,,,0.2,0.2,512.0,26.0,2.0,26.0,130.0,0.0,1749562401129.0,2025-06-10 13:33:21.129
1749562401329.0,SPECTRO_4112,,,,,0.2,0.2,512.0,23.0,2.0,23.0,115.0,0.0,1749562401329.0,2025-06-10 13:33:21.329
1749562401530.0,SPECTRO_4112,,,,,0.2,0.2,512.0,26.0,2.0,26.0,130.0,2.0,1749562401530.0,2025-06-10 13:33:21.530
1749562401730.0,SPECTRO_4112,,,,,0.2,0.2,512.0,24.0,2.0,24.0,120.0,1.0,1749562401730.0,2025-06-10 13:33:21.730
1749562401930.0,SPECTRO_4112,,,,,0.2,0.2,512.0,30.0,2.0,30.0,150.0,1.0,1749562401930.0,2025-06-10 13:33:21.930
1749562402131.0,SPECTRO_4112,,,,,0.2,0.2,512.0,23.0,2.0,23.0,115.0,2.0,1749562402131.0,2025-06-10 13:33:22.131
1749562402332.0,SPECTRO_4112,,,,,0.201,0.201,512.0,26.0,2.0,26.0,129.0,0.0,1749562402332.0,2025-06-10 13:33:22.332
1749562402531.0,SPECTRO_4112,,,,,0.198,0.198,512.0,25.0,2.0,25.0,126.0,1.0,1749562402531.0,2025-06-10 13:33:22.531
1749562402731.0,SPECTRO_4112,,,,,0.2,0.2,512.0,18.0,2.0,18.0,90.0,1.0,1749562402731.0,2025-06-10 13:33:22.731
1749562402931.0,SPECTRO_4112,,,,,0.2,0.2,512.0,19.0,2.0,19.0,95.0,1.0,1749562402931.0,2025-06-10 13:33:22.931
1749562403132.0,SPECTRO_4112,,,,,0.201,0.201,512.0,30.0,3.0,30.0,149.0,2.0,1749562403132.0,2025-06-10 13:33:23.132
1749562403332.0,SPECTRO_4112,,,,,0.2,0.2,512.0,26.0,2.0,26.0,130.0,0.0,1749562403332.0,2025-06-10 13:33:23.332
1749562403534.0,SPECTRO_4112,,,,,0.201,0.201,512.0,25.0,2.0,25.0,124.0,0.0,1749562403534.0,2025-06-10 13:33:23.534
1749562403732.0,SPECTRO_4112,,,,,0.198,0.198,512.0,23.0,3.0,23.0,116.0,1.0,1749562403732.0,2025-06-10 13:33:23.732
1749562403932.0,SPECTRO_4112,,,,,0.2,0.2,512.0,25.0,3.0,25.0,125.0,0.0,1749562403932.0,2025-06-10 13:33:23.932
1749562404132.0,SPECTRO_4112,,,,,0.2,0.2,512.0,18.0,2.0,18.0,90.0,0.0,1749562404132.0,2025-06-10 13:33:24.132
1749562404333.0,SPECTRO_4112,,,,,0.2,0.2,512.0,21.0,2.0,21.0,105.0,1.0,1749562404333.0,2025-06-10 13:33:24.333
1749562404533.0,SPECTRO_4112,,,,,0.199,0.199,512.0,28.0,3.0,28.0,141.0,0.0,1749562404533.0,2025-06-10 13:33:24.533
1749562404733.0,SPECTRO_4112,,,,,0.2,0.2,512.0,31.0,2.0,31.0,155.0,1.0,1749562404733.0,2025-06-10 13:33:24.733
1749562404933.0,SPECTRO_4112,,,,,0.2,0.2,512.0,26.0,3.0,26.0,130.0,0.0,1749562404933.0,2025-06-10 13:33:24.933
1749562405133.0,SPECTRO_4112,,,,,0.2,0.2,512.0,18.0,2.0,18.0,90.0,0.0,1749562405133.0,2025-06-10 13:33:25.133
1749562405335.0,SPECTRO_4112,,,,,0.201,0.201,512.0,26.0,2.0,26.0,129.0,0.0,1749562405335.0,2025-06-10 13:33:25.335
1749562405535.0,SPECTRO_4112,,,,,0.2,0.2,512.0,19.0,2.0,19.0,95.0,0.0,1749562405535.0,2025-06-10 13:33:25.535
1749562405735.0,SPECTRO_4112,,,,,0.2,0.2,512.0,26.0,2.0,26.0,130.0,1.0,1749562405735.0,2025-06-10 13:33:25.735
1749562405935.0,SPECTRO_4112,,,,,0.2,0.2,512.0,24.0,3.0,24.0,120.0,0.0,1749562405935.0,2025-06-10 13:33:25.935
1749562406135.0,SPECTRO_4112,,,,,0.2,0.2,512.0,23.0,2.0,23.0,115.0,2.0,1749562406135.0,2025-06-10 13:33:26.135
1749562406335.0,SPECTRO_4112,,,,,0.199,0.199,512.0,23.0,2.0,23.0,116.0,1.0,1749562406335.0,2025-06-10 13:33:26.335
1749562406535.0,SPECTRO_4112,,,,,0.2,0.2,512.0,31.0,3.0,31.0,155.0,1.0,1749562406535.0,2025-06-10 13:33:26.535
1749562406735.0,SPECTRO_4112,,,,,0.2,0.2,512.0,20.0,2.0,20.0,100.0,1.0,1749562406735.0,2025-06-10 13:33:26.735
1749562406936.0,SPECTRO_4112,,,,,0.2,0.2,512.0,27.0,3.0,27.0,135.0,1.0,1749562406936.0,2025-06-10 13:33:26.936
1749562407136.0,SPECTRO_4112,,,,,0.2,0.2,512.0,25.0,2.0,25.0,125.0,0.0,1749562407136.0,2025-06-10 13:33:27.136
1749562407336.0,SPECTRO_4112,,,,,0.2,0.2,512.0,15.0,2.0,15.0,75.0,0.0,1749562407336.0,2025-06-10 13:33:27.336
1749562407536.0,SPECTRO_4112,,,,,0.2,0.2,512.0,26.0,3.0,26.0,130.0,1.0,1749562407536.0,2025-06-10 13:33:27.536
1749562407736.0,SPECTRO_4112,,,,,0.2,0.2,512.0,28.0,2.0,28.0,140.0,0.0,1749562407736.0,2025-06-10 13:33:27.736
1749562407937.0,SPECTRO_4112,,,,,0.2,0.2,512.0,28.0,2.0,28.0,140.0,0.0,1749562407937.0,2025-06-10 13:33:27.937
1749562408137.0,SPECTRO_4112,,,,,0.2,0.2,512.0,24.0,2.0,24.0,120.0,0.0,1749562408137.0,2025-06-10 13:33:28.137
1749562408337.0,SPECTRO_4112,,,,,0.2,0.2,512.0,19.0,2.0,19.0,95.0,1.0,1749562408337.0,2025-06-10 13:33:28.337
1749562408538.0,SPECTRO_4112,,,,,0.2,0.2,512.0,17.0,2.0,17.0,85.0,1.0,1749562408538.0,2025-06-10 13:33:28.538
1749562408738.0,SPECTRO_4112,,,,,0.2,0.2,512.0,34.0,2.0,34.0,170.0,0.0,1749562408738.0,2025-06-10 13:33:28.738
1749562408938.0,SPECTRO_4112,,,,,0.2,0.2,512.0,25.0,2.0,25.0,125.0,0.0,1749562408938.0,2025-06-10 13:33:28.938
1749562409139.0,SPECTRO_4112,,,,,0.2,0.2,512.0,23.0,3.0,23.0,115.0,0.0,1749562409139.0,2025-06-10 13:33:29.139
1749562409339.0,SPECTRO_4112,,,,,0.2,0.2,512.0,28.0,2.0,28.0,140.0,0.0,1749562409339.0,2025-06-10 13:33:29.339
1749562409539.0,SPECTRO_4112,,,,,0.2,0.2,512.0,22.0,3.0,22.0,110.0,0.0,1749562409539.0,2025-06-10 13:33:29.539
1749562409739.0,SPECTRO_4112,,,,,0.2,0.2,512.0,19.0,2.0,19.0,95.0,0.0,1749562409739.0,2025-06-10 13:33:29.739
1749562409939.0,SPECTRO_4112,,,,,0.2,0.2,512.0,29.0,4.0,29.0,145.0,4.0,1749562409939.0,2025-06-10 13:33:29.939
1749562410140.0,SPECTRO_4112,,,,,0.2,0.2,512.0,17.0,2.0,17.0,85.0,1.0,1749562410140.0,2025-06-10 13:33:30.140
1749562410340.0,SPECTRO_4112,,,,,0.2,0.2,512.0,24.0,2.0,24.0,120.0,0.0,1749562410340.0,2025-06-10 13:33:30.340
1749562410540.0,SPECTRO_4112,,,,,0.2,0.2,512.0,31.0,2.0,31.0,155.0,0.0,1749562410540.0,2025-06-10 13:33:30.540
1749562410740.0,SPECTRO_4112,,,,,0.199,0.199,512.0,19.0,2.0,19.0,95.0,0.0,1749562410740.0,2025-06-10 13:33:30.740
1749562410940.0,SPECTRO_4112,,,,,0.2,0.2,512.0,24.0,2.0,24.0,120.0,2.0,1749562410940.0,2025-06-10 13:33:30.940
1749562411140.0,SPECTRO_4112,,,,,0.2,0.2,512.0,34.0,2.0,34.0,170.0,0.0,1749562411140.0,2025-06-10 13:33:31.140
1749562411340.0,SPECTRO_4112,,,,,0.2,0.2,512.0,22.0,2.0,22.0,110.0,2.0,1749562411340.0,2025-06-10 13:33:31.340
1749562411542.0,SPECTRO_4112,,,,,0.201,0.201,512.0,29.0,3.0,29.0,144.0,0.0,1749562411542.0,2025-06-10 13:33:31.542
1749562411742.0,SPECTRO_4112,,,,,0.2,0.2,512.0,24.0,1.0,24.0,120.0,1.0,1749562411742.0,2025-06-10 13:33:31.742
1749562411942.0,SPECTRO_4112,,,,,0.199,0.199,512.0,34.0,3.0,34.0,171.0,0.0,1749562411942.0,2025-06-10 13:33:31.942
1749562412142.0,SPECTRO_4112,,,,,0.2,0.2,512.0,22.0,3.0,22.0,110.0,0.0,1749562412142.0,2025-06-10 13:33:32.142
1749562412342.0,SPECTRO_4112,,,,,0.2,0.2,512.0,33.0,2.0,33.0,165.0,0.0,1749562412342.0,2025-06-10 13:33:32.342
1749562412542.0,SPECTRO_4112,,,,,0.199,0.199,512.0,32.0,3.0,32.0,161.0,0.0,1749562412542.0,2025-06-10 13:33:32.542
1749562412742.0,SPECTRO_4112,,,,,0.2,0.2,512.0,27.0,2.0,27.0,135.0,0.0,1749562412742.0,2025-06-10 13:33:32.742
1749562412943.0,SPECTRO_4112,,,,,0.2,0.2,512.0,26.0,2.0,26.0,130.0,1.0,1749562412943.0,2025-06-10 13:33:32.943
1749562413143.0,SPECTRO_4112,,,,,0.2,0.2,512.0,29.0,3.0,29.0,145.0,1.0,1749562413143.0,2025-06-10 13:33:33.143
1749562413343.0,SPECTRO_4112,,,,,0.199,0.199,512.0,31.0,3.0,31.0,156.0,3.0,1749562413343.0,2025-06-10 13:33:33.343
1749562413543.0,SPECTRO_4112,,,,,0.2,0.2,512.0,35.0,2.0,35.0,175.0,0.0,1749562413543.0,2025-06-10 13:33:33.543
1749562413743.0,SPECTRO_4112,,,,,0.2,0.2,512.0,23.0,3.0,23.0,115.0,0.0,1749562413743.0,2025-06-10 13:33:33.743
1749562413943.0,SPECTRO_4112,,,,,0.2,0.2,512.0,20.0,3.0,20.0,100.0,1.0,1749562413943.0,2025-06-10 13:33:33.943
1749562414145.0,SPECTRO_4112,,,,,0.201,0.201,512.0,26.0,3.0,26.0,129.0,0.0,1749562414145.0,2025-06-10 13:33:34.145
1749562414344.0,SPECTRO_4112,,,,,0.199,0.199,512.0,19.0,2.0,19.0,95.0,0.0,1749562414344.0,2025-06-10 13:33:34.344
1749562414545.0,SPECTRO_4112,,,,,0.2,0.2,512.0,30.0,2.0,30.0,150.0,1.0,1749562414545.0,2025-06-10 13:33:34.545
1749562414745.0,SPECTRO_4112,,,,,0.2,0.2,512.0,28.0,2.0,28.0,140.0,2.0,1749562414745.0,2025-06-10 13:33:34.745
1749562414945.0,SPECTRO_4112,,,,,0.2,0.2,512.0,23.0,3.0,23.0,115.0,1.0,1749562414945.0,2025-06-10 13:33:34.945
1749562415145.0,SPECTRO_4112,,,,,0.2,0.2,512.0,22.0,3.0,22.0,110.0,1.0,1749562415145.0,2025-06-10 13:33:35.145
1749562415346.0,SPECTRO_4112,,,,,0.2,0.2,512.0,20.0,2.0,20.0,100.0,1.0,1749562415346.0,2025-06-10 13:33:35.346
1749562415545.0,SPECTRO_4112,,,,,0.199,0.199,512.0,23.0,2.0,23.0,116.0,2.0,1749562415545.0,2025-06-10 13:33:35.545
1749562415745.0,SPECTRO_4112,,,,,0.2,0.2,512.0,28.0,3.0,28.0,140.0,0.0,1749562415745.0,2025-06-10 13:33:35.745
1749562415945.0,SPECTRO_4112,,,,,0.2,0.2,512.0,31.0,2.0,31.0,155.0,0.0,1749562415945.0,2025-06-10 13:33:35.945
1749562416145.0,SPECTRO_4112,,,,,0.2,0.2,512.0,23.0,3.0,23.0,115.0,0.0,1749562416145.0,2025-06-10 13:33:36.145
1749562416345.0,SPECTRO_4112,,,,,0.199,0.199,512.0,21.0,3.0,21.0,106.0,2.0,1749562416345.0,2025-06-10 13:33:36.345
1749562416546.0,SPECTRO_4112,,,,,0.2,0.2,512.0,22.0,2.0,22.0,110.0,0.0,1749562416546.0,2025-06-10 13:33:36.546
1749562416746.0,SPECTRO_4112,,,,,0.2,0.2,512.0,24.0,3.0,24.0,120.0,0.0,1749562416746.0,2025-06-10 13:33:36.746
1749562416947.0,SPECTRO_4112,,,,,0.2,0.2,512.0,27.0,3.0,27.0,135.0,0.0,1749562416947.0,2025-06-10 13:33:36.947
1749562417147.0,SPECTRO_4112,,,,,0.2,0.2,512.0,16.0,2.0,16.0,80.0,1.0,1749562417147.0,2025-06-10 13:33:37.147
1749562417347.0,SPECTRO_4112,,,,,0.2,0.2,512.0,28.0,2.0,28.0,140.0,0.0,1749562417347.0,2025-06-10 13:33:37.347
1749562417547.0,SPECTRO_4112,,,,,0.2,0.2,512.0,22.0,2.0,22.0,110.0,0.0,1749562417547.0,2025-06-10 13:33:37.547
1749562417747.0,SPECTRO_4112,,,,,0.2,0.2,512.0,38.0,3.0,38.0,190.0,0.0,1749562417747.0,2025-06-10 13:33:37.747
1749562417947.0,SPECTRO_4112,,,,,0.2,0.2,512.0,23.0,3.0,23.0,115.0,2.0,1749562417947.0,2025-06-10 13:33:37.947
1749562418147.0,SPECTRO_4112,,,,,0.199,0.199,512.0,25.0,4.0,25.0,126.0,0.0,1749562418147.0,2025-06-10 13:33:38.147
1749562418347.0,SPECTRO_4112,,,,,0.2,0.2,512.0,17.0,3.0,17.0,85.0,0.0,1749562418347.0,2025-06-10 13:33:38.347
1749562418547.0,SPECTRO_4112,,,,,0.2,0.2,512.0,22.0,2.0,22.0,110.0,0.0,1749562418547.0,2025-06-10 13:33:38.547
1749562418747.0,SPECTRO_4112,,,,,0.2,0.2,512.0,22.0,3.0,22.0,110.0,0.0,1749562418747.0,2025-06-10 13:33:38.747
1749562418948.0,SPECTRO_4112,,,,,0.2,0.2,512.0,31.0,2.0,31.0,155.0,0.0,1749562418948.0,2025-06-10 13:33:38.948
1749562419148.0,SPECTRO_4112,,,,,0.2,0.2,512.0,22.0,2.0,22.0,110.0,0.0,1749562419148.0,2025-06-10 13:33:39.148
1749562419348.0,SPECTRO_4112,,,,,0.2,0.2,512.0,18.0,1.0,18.0,90.0,0.0,1749562419348.0,2025-06-10 13:33:39.348
1749562419549.0,SPECTRO_4112,,,,,0.2,0.2,512.0,27.0,3.0,27.0,135.0,1.0,1749562419549.0,2025-06-10 13:33:39.549
1749562419749.0,SPECTRO_4112,,,,,0.2,0.2,512.0,33.0,2.0,33.0,165.0,0.0,1749562419749.0,2025-06-10 13:33:39.749
1749562419949.0,SPECTRO_4112,,,,,0.2,0.2,512.0,22.0,2.0,22.0,110.0,0.0,1749562419949.0,2025-06-10 13:33:39.949
1749562420149.0,SPECTRO_4112,,,,,0.2,0.2,512.0,18.0,2.0,18.0,90.0,0.0,1749562420149.0,2025-06-10 13:33:40.149
1749562420349.0,SPECTRO_4112,,,,,0.2,0.2,512.0,22.0,3.0,22.0,110.0,0.0,1749562420349.0,2025-06-10 13:33:40.349
1749562420549.0,SPECTRO_4112,,,,,0.2,0.2,512.0,24.0,2.0,24.0,120.0,0.0,1749562420549.0,2025-06-10 13:33:40.549
1749562420749.0,SPECTRO_4112,,,,,0.2,0.2,512.0,26.0,2.0,26.0,130.0,0.0,1749562420749.0,2025-06-10 13:33:40.749
1749562420949.0,SPECTRO_4112,,,,,0.199,0.199,512.0,28.0,1.0,28.0,141.0,0.0,1749562420949.0,2025-06-10 13:33:40.949
1749562421149.0,SPECTRO_4112,,,,,0.2,0.2,512.0,23.0,3.0,23.0,115.0,0.0,1749562421149.0,2025-06-10 13:33:41.149
1749562421349.0,SPECTRO_4112,,,,,0.199,0.199,512.0,32.0,2.0,32.0,161.0,1.0,1749562421349.0,2025-06-10 13:33:41.349
1749562421549.0,SPECTRO_4112,,,,,0.2,0.2,512.0,20.0,1.0,20.0,100.0,0.0,1749562421549.0,2025-06-10 13:33:41.549
1749562421749.0,SPECTRO_4112,,,,,0.2,0.2,512.0,30.0,2.0,30.0,150.0,0.0,1749562421749.0,2025-06-10 13:33:41.749
1749562421949.0,SPECTRO_4112,,,,,0.2,0.2,512.0,27.0,2.0,27.0,135.0,0.0,1749562421949.0,2025-06-10 13:33:41.949
1749562422149.0,SPECTRO_4112,,,,,0.2,0.2,512.0,23.0,2.0,23.0,115.0,0.0,1749562422149.0,2025-06-10 13:33:42.149
